To,Location 1,Location 2,Location 3,From,Notes,Delivered Notes,Locker Number,Locker Bank,Carrier,Tracking #,Transaction Status ,Routed by,Routed Date Time,Stored Date Time,Delivered by,Delivered To,Delivered Date Time,Stored by
,5993,,, Amazon,,,35,Bank 5,Amazon,TBA319383027359_,Delivered,,,2/14/25 12:15,,,2/18/25 23:14,
,6397,,,USPS,,,54,Bank 1,USPS,00009302120184900316833399_,Delivered,,,2/18/25 10:11,,,2/18/25 22:45,
,5803,,,,,,39,Bank 7,USPS,22479400108105463440544682_,Delivered,,,2/18/25 10:24,,,2/18/25 21:45,
,4542,,,Ups,,,13,Bank 7,UPS,1ZH93Y971214113005_,Delivered,,,2/18/25 11:37,,,2/18/25 21:35,
,6218,,,Amre,,,13,Bank 5,USPS,9534614852415045806637_,Delivered,,,2/18/25 9:25,,,2/18/25 21:29,
,5917,,,,,,43,Bank 4,FedEx,434669328308_,Delivered,,,2/18/25 12:11,,,2/18/25 21:28,
,3197,,,Home,,,83,Bank 8,USPS,9505506592765043404142_,Delivered,,,2/18/25 9:26,,,2/18/25 21:27,
,6322,,,Lv,,,28,Bank 5,USPS,9261290367755113778481_,Delivered,,,2/18/25 9:37,,,2/18/25 21:07,
,5271,,,,,,70,Bank 7,USPS,9400136208271332430833_,Delivered,,,2/18/25 10:15,,,2/18/25 20:50,
,2207,,,Peppermayo,,,66,Bank 7,USPS,9261290316841507669377_,Delivered,,,2/18/25 9:47,,,2/18/25 20:49,
,6597,,,,,,16,Bank 7,Amazon,TBA319321142652_,Delivered,,,2/18/25 12:01,,,2/18/25 20:48,
,6223,,,Kim,,,40,Bank 5,USPS,92001903651784300029997653_,Delivered,,,2/18/25 9:40,,,2/18/25 20:32,
,6223,,,,,,32,Bank 7,FedEx,444844832649_,Delivered,,,2/18/25 12:02,,,2/18/25 20:31,
,2157,,,,,,14,Bank 4,FedEx,285433819567_,Delivered,,,2/18/25 12:12,,,2/18/25 20:29,
,2157,,,Ups,,,4,Bank 4,UPS,1Z0F57320316923934_,Delivered,,,2/18/25 11:30,,,2/18/25 20:28,
,5621,,,Sterling,,,19,Bank 7,USPS,92001903470167300222086457_,Delivered,,,2/18/25 9:46,,,2/18/25 20:23,
,4185,,,Friend,,,58,Bank 5,USPS,9434640104250000473581_,Delivered,,,2/18/25 9:31,,,2/18/25 20:19,
,2594,,,Omnis,,,73,Bank 8,USPS,9405511105503432018722_,Delivered,,,2/18/25 9:29,,,2/18/25 20:14,
,5071,,,Desk,Rear floor,,,,FedEx,777464651981_,Delivered,,7/22/24 12:25,,,,2/18/25 20:14,
,5071,,,Couch,"100 pounds ,Rear floor",,,,FedEx,277214814923_,Delivered,,7/23/24 12:04,,,,2/18/25 20:14,
,5071,,,Chair,On rear floor,,,,FedEx,777464651227_,Delivered,,7/23/24 12:06,,,,2/18/25 20:14,
,5071,,,Couch,Rear floor,,,,FedEx,277214875752_,Delivered,,7/24/24 14:28,,,,2/18/25 20:14,
,5071,,,Amazon,Rack 2,,,,Amazon,TBA315251533976_,Delivered,,8/23/24 12:40,,,,2/18/25 20:14,
,5071,,,USPS,,,66,Bank 2,USPS,9300189690000522491682_,Delivered,,,2/18/25 10:18,,,2/18/25 20:13,
,5803,,,Loudmouth,,,67,Bank 5,USPS,9261290316844312571385_,Delivered,,,2/18/25 9:47,,,2/18/25 20:11,
,5803,,,,,,12,Bank 6,Amazon,TBA319359245178_,Delivered,,,2/13/25 13:00,,,2/18/25 20:11,
,5089,,,,,,44,Bank 4,FedEx,522379101992_,Delivered,,,2/18/25 12:23,,,2/18/25 20:05,
,5588,,,USPS,,,49,Bank 3,USPS,9400136208271330509128_,Delivered,,,2/18/25 9:50,,,2/18/25 20:04,
,5256,,,,,,62,Bank 2,Amazon,TBA319324432509_,Delivered,,,2/14/25 12:39,,,2/18/25 19:59,
,1875,,,,,,16,Bank 4,UPS,1Z0E96840178424004_,Delivered,,,2/18/25 11:36,,,2/18/25 19:28,
,4027,,,Home,,,78,Bank 8,USPS,9534613174075044687587_,Delivered,,,2/18/25 9:23,,,2/18/25 19:10,
,3478,,,USPS,,,47,Bank 7,USPS,9300189821800309753853_,Delivered,,,2/18/25 9:37,,,2/18/25 19:03,
,3478,,,USPS,,,47,Bank 7,USPS,00009300189821800309753853_,Delivered,,,2/18/25 9:37,,,2/18/25 19:03,
,2297,,,,,,24,Bank 4,UPS,1Z2EF254YW06986461_,Delivered,,,2/18/25 11:40,,,2/18/25 18:59,
,4452,,,,,,19,Bank 8,USPS,9261290275213622558722_,Delivered,,,2/17/25 12:45,,,2/18/25 18:46,
,6657,,,USPS,,,12,Bank 2,USPS,9261290278833973056646_,Delivered,,,2/18/25 10:21,,,2/18/25 18:40,
,G306,,,Ups,,,68,Bank 7,UPS,1ZY4015E0306219588_,Delivered,,,2/18/25 11:39,,,2/18/25 18:26,
,5738,,,Pk,,,76,Bank 6,USPS,9534613255385041249812_,Delivered,,,2/14/25 9:20,,,2/18/25 18:17,
,1252,,,USPS,,,39,Bank 8,USPS,92612903031384553010442096_,Delivered,,,2/18/25 9:14,,,2/18/25 18:16,
,2809,,,Home,,,56,Bank 7,USPS,9500115017325042579390_,Delivered,,,2/18/25 9:41,,,2/18/25 18:03,
,2809,,,USPS,,,25,Bank 2,USPS,9361289725244445429800_,Delivered,,,2/18/25 10:25,,,2/18/25 18:03,
,1658,,,,,,88,Bank 6,Amazon,TBA319330655087_,Delivered,,,2/13/25 12:18,,,2/18/25 17:46,
,3359,,,Ups,,,77,Bank 5,UPS,1Z7759450300036246_,Delivered,,,2/18/25 11:14,,,2/18/25 17:32,
,1467,,,,,,13,Bank 8,DHL,9234249673_,Delivered,,,2/17/25 11:58,,,2/18/25 17:30,
,1440,,,,,,75,Bank 8,Amazon,TBA319469836074_,Delivered,,,2/18/25 11:59,,,2/18/25 17:16,
,5996,,,Jacky,,,29,Bank 5,USPS,9405536102272890429963_,Delivered,,,2/18/25 9:26,,,2/18/25 17:15,
,1751,,,Switi,,,87,Bank 5,USPS,22479434608105463406714304_,Delivered,,,2/18/25 9:48,,,2/18/25 17:11,
,1751,,,USPS,,,68,Bank 2,USPS,92001902410401237680026832_,Delivered,,,2/18/25 10:28,,,2/18/25 17:11,
,4065,,,Tiktok,,,16,Bank 5,USPS,9200190372820000374894_,Delivered,,,2/18/25 9:10,,,2/18/25 17:06,
,2935,,,USPS,,,32,Bank 2,USPS,9400136208070413338699_,Delivered,,,2/18/25 10:27,,,2/18/25 16:58,
,6136,,,Amazon,,,40,Bank 2,Amazon,TBA319342591324_,Delivered,,,2/13/25 11:42,,,2/18/25 16:56,
,5446,,,,,,6,Bank 7,USPS,9241990217524436412126_,Delivered,,,2/18/25 10:22,,,2/18/25 16:54,
,5446,,,Booksrun,,,48,Bank 7,USPS,9241990318402217079080_,Delivered,,,2/18/25 10:21,,,2/18/25 16:54,
,5446,,,USPS,,,48,Bank 7,USPS,9241990318413642781349_,Delivered,,,2/18/25 10:21,,,2/18/25 16:54,
,5446,,,,,,48,Bank 7,USPS,22479449008105462469122798_,Delivered,,,2/18/25 10:21,,,2/18/25 16:54,
,3929,,,,,,15,Bank 8,FedEx,285470670851_,Delivered,,,2/18/25 11:56,,,2/18/25 16:54,
,5446,,,USPS,,,3,Bank 2,USPS,9241990217524436846235_,Delivered,,,2/18/25 10:08,,,2/18/25 16:54,
,5446,,,Ebay,,,81,Bank 5,USPS,22479449008105462474427918_,Delivered,,,2/18/25 9:46,,,2/18/25 16:53,
,5446,,,Rush,,,81,Bank 5,USPS,9241990113930829648136_,Delivered,,,2/18/25 9:51,,,2/18/25 16:53,
,5446,,,Kelly,,,81,Bank 5,USPS,22479449008105463435264481_,Delivered,,,2/18/25 9:38,,,2/18/25 16:53,
,5881,,,USPS,,,55,Bank 2,USPS,9400136202436275146180_,Delivered,,,2/18/25 10:10,,,2/18/25 16:53,
,4902,,,Home,,,16,Bank 8,USPS,22479405530109355101933174_,Delivered,,,2/18/25 9:09,,,2/18/25 16:50,
,3551,,,USPS,,,6,Bank 8,USPS,9534612105365045870501_,Delivered,,,2/18/25 9:28,,,2/18/25 16:46,
,3551,,,Home,,,6,Bank 8,USPS,9534613170415046964363_,Delivered,,,2/18/25 9:08,,,2/18/25 16:46,
,1600,,,USPS,,,4,Bank 1,USPS,9200190378877014226347_,Delivered,,,2/18/25 10:14,,,2/18/25 16:43,
,4741,,,,,,48,Bank 8,Lasership,1LSCXH300757833_,Delivered,,,2/18/25 14:23,,,2/18/25 16:32,
,3811,,,,,,54,Bank 6,Amazon,TBA319443464349_,Delivered,,,2/18/25 12:22,,,2/18/25 16:30,
,7003,,,Ups,,,72,Bank 5,UPS,1ZK100A4YW48634579_,Delivered,,,2/18/25 11:10,,,2/18/25 16:25,
,3414,,,USPS,,,18,Bank 1,USPS,9361289725244260500029_,Delivered,,,2/18/25 10:22,,,2/18/25 16:25,
,5009,,,Opsin,,,42,Bank 8,USPS,9200190237568629093922_,Delivered,,,2/18/25 9:19,,,2/18/25 16:23,
,5335,,,USPS,,,27,Bank 8,USPS,92001903478422300138976897_,Delivered,,,2/18/25 9:12,,,2/18/25 16:11,
,1990,,,Ups,,,69,Bank 7,UPS,1ZJ22G980325395820_,Delivered,,,2/18/25 11:43,,,2/18/25 16:10,
,1992,,,,,,35,Bank 8,OnTrac,D10016105000377_,Delivered,,,2/18/25 14:21,,,2/18/25 16:04,
,4910,,,Ups,,,21,Bank 7,UPS,1Z478A3Y0239263290_,Delivered,,,2/5/25 10:42,,,2/18/25 16:03,
,4980,,,Shein,,,10,Bank 6,OnTrac,C25020306763447_,Delivered,,,2/17/25 9:02,,,2/18/25 16:01,
,4980,,,Shein,,,10,Bank 6,Purolator,021000000151_,Delivered,,,2/17/25 9:02,,,2/18/25 16:01,
,4479,,,,,,80,Bank 8,UPS,1ZB3476J0313106925_,Delivered,,,2/18/25 11:28,,,2/18/25 16:01,
,1049,,,USPS,,,26,Bank 1,USPS,9261290357450803064075_,Delivered,,,2/18/25 10:25,,,2/18/25 15:59,
,6642,,,,,,15,Bank 5,UPS,1Z1V4V820329816750_,Delivered,,,2/14/25 10:40,,,2/18/25 15:58,
,4787,,,Home,Rack 1,Rack 1,,,UPS,1Z022E180379201994_,Delivered,,2/13/25 10:43,,,,2/18/25 15:57,
,6642,,,Ups,,,87,Bank 8,UPS,1Z05RR380330769918_,Delivered,,,2/18/25 11:17,,,2/18/25 15:57,
,3835,,,Alltrade,,,62,Bank 5,USPS,22479400108105463430388272_,Delivered,,,2/18/25 9:45,,,2/18/25 15:56,
,5732,,,,,,53,Bank 7,Amazon,TBA319462567756_,Delivered,,,2/18/25 12:15,,,2/18/25 15:54,
,4202,,,,,,85,Bank 8,Lasership,1LS722780497405_,Delivered,,,2/18/25 14:24,,,2/18/25 15:54,
,6478,,,Duggan,,,7,Bank 5,USPS,9534614149075046963420_,Delivered,,,2/18/25 9:10,,,2/18/25 15:52,
,1165,,,,,,43,Bank 7,Amazon,TBA319462345763_,Delivered,,,2/18/25 12:10,,,2/18/25 15:50,
,6716,,,USPS,,,33,Bank 8,USPS,22479434608105463440534197_,Delivered,,,2/18/25 9:13,,,2/18/25 15:49,
,5118,,,Ups,,,82,Bank 8,UPS,1Z6W2Y920301871188_,Delivered,,,2/18/25 11:18,,,2/18/25 15:48,
,6552,,,,,,43,Bank 6,USPS,9488809000276106857602_,Delivered,,,2/18/25 11:19,,,2/18/25 15:44,
,8327,,,Ups,,,44,Bank 5,UPS,1Z0100830327922374_,Delivered,,,2/18/25 11:09,,,2/18/25 15:40,
,2447,,,USPS,,,46,Bank 8,UPS,1ZY38R94P297490330_,Delivered,,,2/14/25 10:40,,,2/18/25 15:31,
,6974,,,Ups,,,74,Bank 7,UPS,1Z3YF3410306407632_,Delivered,,,2/18/25 11:42,,,2/18/25 15:28,
,6254,,,,,,59,Bank 8,Lasership,1LSCXON004OEB3O_,Delivered,,,2/18/25 14:25,,,2/18/25 15:27,
,6560,,,,,,55,Bank 7,Amazon,TBA319456354803_,Delivered,,,2/18/25 12:16,,,2/18/25 15:26,
,6928,,,,,,41,Bank 8,FedEx,285513734039_,Delivered,,,2/18/25 11:58,,,2/18/25 15:23,
,ME S/R,,,Bostontec,,,,,UPS,1ZE471180355420332_,Routed,,2/18/25 15:22,,,,2/18/25 15:21,
,3726,,,Ups,Rack 1,Rack 1,,,UPS,1Z963AA76792262374_,Delivered,,2/18/25 11:15,,,,2/18/25 15:21,
,1256,,,Russo,,,51,Bank 5,USPS,9500112107775045958479_,Delivered,,,2/18/25 9:41,,,2/18/25 15:21,
,2925,,,,,,11,Bank 4,UPS,1Z4840V90393427312_,Delivered,,,2/18/25 11:43,,,2/18/25 15:21,
,2191,,,Johnson,Shipping damage,Shipping damage,22,Bank 5,USPS,9505514715575045995845_,Delivered,,,2/18/25 9:16,,,2/18/25 15:20,
,5807,,,Glam,,,38,Bank 5,USPS,9261290326110113592810_,Delivered,,,2/18/25 9:39,,,2/18/25 15:19,
,HUMANITIES & ARTS,,,Ups,,,54,Bank 8,UPS,1ZXX34040310823899_,Delivered,,2/18/25 12:07,2/18/25 11:36,,,2/18/25 15:16,
,7009,,,,,,65,Bank 3,Amazon,TBA319274952248_,Delivered,,,2/10/25 12:20,,,2/18/25 15:16,
,8327,,,,,,20,Bank 6,Amazon,TBA319399583771_,Delivered,,,2/18/25 12:19,,,2/18/25 15:15,
,8327,,,,,,20,Bank 6,Amazon,TBA319399568830_,Delivered,,,2/18/25 12:18,,,2/18/25 15:15,
,6798,,,,,,1,Bank 6,UPS,1Z2RV5380397860689_,Delivered,,,2/18/25 11:16,,,2/18/25 15:14,
,CDC,,,Essilor Luxottica,,,,,UPS,1Z8FF3450293474957_,Delivered,,2/18/25 11:11,,,,2/18/25 15:14,
,CDC,,,Essilor Luxottica,,,,,UPS,1Z8FF3450290922567_,Delivered,,2/18/25 11:11,,,,2/18/25 15:14,
,2657,,,,,,1,Bank 5,UPS,1ZH922680337086144_,Delivered,,,2/14/25 10:46,,,2/18/25 15:14,
,3999,,,,,,36,Bank 7,FedEx,285491400192_,Delivered,,,2/18/25 12:09,,,2/18/25 15:08,
,3562,,,iFixit,,,74,Bank 8,USPS,9400111899560920577450_,Delivered,,,2/18/25 9:20,,,2/18/25 15:08,
,6695,,,USPS,,,69,Bank 8,UPS,1Z14WW640303973641_,Delivered,,,2/14/25 10:53,,,2/18/25 15:08,
,3562,,,USPS,,,69,Bank 2,USPS,9405511206211793741521_,Delivered,,,2/18/25 10:29,,,2/18/25 15:08,
,2569,,,White,,,2,Bank 5,USPS,9405536208070315033374_,Delivered,,,2/18/25 9:11,,,2/18/25 15:06,
,2123,,,,,,22,Bank 4,UPS,1Z443766YW61520093_,Delivered,,,2/18/25 11:38,,,2/18/25 15:06,
,RRC Sagamore Rd ,,,Cutom,,,,,UPS,1ZA03R690306210903_,Delivered,,2/18/25 10:42,,,,2/18/25 15:03,
,5887,,,Suitcase,Rack 2,Rack 2,,,Lasership,1LSCXO0J007758388_,Delivered,,2/18/25 14:21,,,,2/18/25 15:01,
,2421,,,,,,17,Bank 8,OnTrac,D10016104184312_,Delivered,,,2/18/25 14:24,,,2/18/25 14:59,
,5551,,,Nathan,,,68,Bank 5,USPS,9400140106029003056741_,Delivered,,,2/18/25 9:48,,,2/18/25 14:58,
,4213,,,,,,27,Bank 6,Amazon,TBA319464971648_,Delivered,,,2/18/25 12:20,,,2/18/25 14:55,
,5973,,,,,,70,Bank 2,Parcelforce,LY633148782DE_,Delivered,,,2/18/25 10:30,,,2/18/25 14:54,
,5784,,,,,,77,Bank 7,Amazon,TBA319456598000_,Delivered,,,2/18/25 12:03,,,2/18/25 14:54,
,6699,,, Amazon,,,6,Bank 5,USPS,9361289725244412093188_,Delivered,,,2/18/25 9:09,,,2/18/25 14:54,
,5784,,,,,,32,Bank 4,UPS,1Z08YY74YW23680990_,Delivered,,,2/18/25 11:41,,,2/18/25 14:54,
,3784,,,,,,11,Bank 6,Amazon,TBA319454615475_,Delivered,,,2/18/25 12:17,,,2/18/25 14:53,
,5917,,,,,,22,Bank 6,UPS,1ZY8F920YW44376726_,Delivered,,,2/18/25 11:13,,,2/18/25 14:53,
,5917,,,USPS,,,41,Bank 1,USPS,9400111899560537375357_,Delivered,,,2/18/25 10:29,,,2/18/25 14:53,
,4184,,,Sweetwater,,,60,Bank 8,USPS,9400140105459001562523_,Delivered,,,2/18/25 9:20,,,2/18/25 14:52,
,3728,,,Starratt,,,37,Bank 5,USPS,22479400108105463426604898_,Delivered,,,2/18/25 9:39,,,2/18/25 14:50,
,1004,,,USPS,,,62,Bank 1,USPS,92419902118773583008001039_,Delivered,,,2/18/25 10:17,,,2/18/25 14:50,
,3202,,,Ups,,,40,Bank 7,UPS,1ZV38J030327791141_,Delivered,,,2/18/25 11:40,,,2/18/25 14:50,
,3034,,,USPS,,,31,Bank 8,USPS,9200190358878611679846_,Delivered,,,2/18/25 9:11,,,2/18/25 14:50,
,3728,,,Salvation Army,,,4,Bank 3,USPS,9434636208271305441417_,Delivered,,,2/18/25 9:51,,,2/18/25 14:49,
,6541,,,,,,11,Bank 8,Lasership,1LSCYG5004NRE92_,Delivered,,,2/18/25 14:23,,,2/18/25 14:49,
,5042,,,DesignerGreek,,,10,Bank 7,USPS,9434611206211796904915_,Delivered,,,2/18/25 9:36,,,2/18/25 14:49,
,5159,,,,,,33,Bank 7,USPS,22479261290371246461165250_,Delivered,,,2/18/25 10:24,,,2/18/25 14:42,
,4337,,,Kate Ct,Rack 1,Rack 1,,,USPS,9534616308725045366597_,Delivered,,2/18/25 9:22,,,,2/18/25 14:42,
,1184,,,Ups,,,49,Bank 8,USPS,92612903097254541416531403_,Delivered,,,2/18/25 11:34,,,2/18/25 14:41,
,3792,,,,,,37,Bank 8,FedEx,444133993588_,Delivered,,,2/17/25 12:54,,,2/18/25 14:41,
,4377,,,Pk,,,47,Bank 8,USPS,9400111699015416422759_,Delivered,,,2/14/25 9:03,,,2/18/25 14:32,
,5562,,,USPS,,,47,Bank 2,USPS,9261290278833972322346_,Delivered,,,2/18/25 10:03,,,2/18/25 14:31,
,4490,,,Tnt,,,64,Bank 1,TNT,4200160992411202881710072411_,Delivered,,,2/18/25 10:24,,,2/18/25 14:30,
, RRC (Shaver),,,Swerve Drive,,,,,USPS,9334610597204031111639_,Delivered,,2/18/25 9:43,,,,2/18/25 14:26,
,RRC Sagamore Rd ,,,Custom Ink,,,,,UPS,1ZA03R690313808666_,Delivered,,2/18/25 10:35,,,,2/18/25 14:26,
,RRC Sagamore Rd ,,,Custob Ink,,,,,UPS,1ZA03R690324908608_,Delivered,,2/18/25 10:39,,,,2/18/25 14:26,
,RRC Sagamore Rd ,,,Custob Ink,,,,,UPS,1ZA03R690324009375_,Delivered,,2/18/25 10:39,,,,2/18/25 14:26,
, RRC (Shaver),,,Blazing Trade ,,,,,USPS,9300120111412356855591_,Delivered,,2/18/25 10:45,,,,2/18/25 14:26,
,RRC Sagamore Rd ,,,Plummer Indutries,,,,,UPS,1ZH8238V0308455977_,Delivered,,2/18/25 10:51,,,,2/18/25 14:26,
,4145,,,,,,26,Bank 8,Lasership,1LSCYHI004O3R04_,Stored,,,2/18/25 14:24,,,,
,HONEYWELL,,,,,,,,Lasership,1LSCZM3004MUBFT_,Routed,,2/18/25 14:24,,,,,
,8986,,,Felix,,,83,Bank 5,USPS,LM208302395CA_,Delivered,,,2/18/25 9:44,,,2/18/25 14:24,
,1592,,,,,,58,Bank 8,Lasership,1LSCZQS004NUILN_,Stored,,,2/18/25 14:24,,,,
,6425,,,,,,45,Bank 8,OnTrac,C12201710863538_,Stored,,,2/18/25 14:23,,,,
,,,,,,,,,UPS,1ZB831B80330278951_,Delivered,,,,,,2/18/25 14:22,
,5712,,,,,,2,Bank 8,Lasership,1LSCYM1004NV7HO_,Stored,,,2/18/25 14:21,,,,
,Physics,,,Choczero,,,,,USPS,9361289768744058056981_,Delivered,,2/18/25 9:22,,,,2/18/25 14:17,
,Pera,,,Natl Fastpitch,,,,,USPS,9405540105156001579713_,Delivered,,2/18/25 9:43,,,,2/18/25 14:17,
,PHYSICS,,,Amazon,,,,,Amazon,TBA319461067628_,Delivered,,2/18/25 11:43,,,,2/18/25 14:17,
,,,,,,,,,USPS,14200160919361289768744058056981_,Delivered,,,,,,2/18/25 14:17,
,5640,,,Zamora,,,80,Bank 5,USPS,9505516319835042634197_,Delivered,,,2/18/25 9:36,,,2/18/25 14:12,
,,,,Built Brands,,,,,USPS,9434636206249290967467_,Delivered,,2/18/25 9:23,,,,2/18/25 14:10,
,Admissions Office,,,Crown,,,,,UPS,1ZB36V650341870474_,Delivered,,2/18/25 10:36,,,,2/18/25 14:10,
,5601,,,USPS,,,10,Bank 1,USPS,22479261290371246461021716_,Delivered,,,2/18/25 10:15,,,2/18/25 14:10,
,5601,,, Amazon,Rack 1,Rack 1,,,Amazon,TBA319150448550_,Delivered,,2/6/25 11:53,,,,2/18/25 14:09,
,4717,,,,,,21,Bank 2,Amazon,TBA319313154694_,Delivered,,,2/11/25 11:50,,,2/18/25 14:08,
,Health Services,,,Global,,,,,UPS,1ZE937H50334830438_,Delivered,,2/18/25 10:26,,,,2/18/25 14:08,
,Health Services,,,Mckesson,,,,,UPS,1Z88W8R40362088152_,Delivered,,2/18/25 10:28,,,,2/18/25 14:08,
,Health Services,,,Mckesson,,,,,UPS,1Z1X47690389430505_,Delivered,,2/18/25 10:31,,,,2/18/25 14:08,
,Health Services,,,Fedex,,,,,FedEx,426269353192_,Delivered,,2/18/25 11:51,,,,2/18/25 14:08,
,,,,Shoplet,,,,,UPS,1ZX844560352512300_,Delivered,,2/18/25 10:29,,,,2/18/25 14:07,
,BIOLOGY & BIOTECHNOLOGY,,,Vwr,,,,,Custom Item,6102074810_,Delivered,,2/18/25 7:35,,,,2/18/25 14:05,
,BIOLOGY & BIOTECHNOLOGY,,,Vwr,,,,,Custom Item,6102073621_,Delivered,,2/18/25 7:35,,,,2/18/25 14:05,
,BIOLOGY & BIOTECHNOLOGY,,,Vwr,,,,,DHL,6102073622_,Delivered,,2/18/25 7:35,,,,2/18/25 14:05,
,BIOLOGY & BIOTECHNOLOGY,,,Vwr,,,,,Custom Item,6102074290_,Delivered,,2/18/25 7:35,,,,2/18/25 14:05,
,CHEMISTRY & BIOCHEMISTRY,,, Amazon,,,,,USPS,9361289725244404245397_,Delivered,,2/18/25 9:55,,,,2/18/25 14:05,
,CHEMICAL ENGINEERING,,,Aurora Biolabs,,,,,FedEx,772134758380_,Delivered,,2/18/25 10:16,,,,2/18/25 14:05,
,CHEMISTRY & BIOCHEMISTRY,,,Globe,,,,,UPS,1Z0556410317093238_,Delivered,,2/18/25 10:25,,,,2/18/25 14:05,
,CHEMISTRY & BIOCHEMISTRY,,,Vwr,,,,,UPS,1Z3207860338856966_,Delivered,,2/18/25 10:30,,,,2/18/25 14:05,
,BIOLOGY & BIOTECHNOLOGY,,,Ne Bio,,,,,UPS,1Z0355E20196599273_,Delivered,,2/18/25 10:31,,,,2/18/25 14:05,
,Civil,,,Beantown,,,,,UPS,1ZE381890359712422_,Delivered,,2/18/25 10:33,,,,2/18/25 14:05,
,4312,,,,,,6,Bank 4,UPS,1Z1F94E3YW41654248_,Delivered,,,2/18/25 11:42,,,2/18/25 14:04,
,4312,,,,,,6,Bank 4,UPS,1ZH93A820250104037_,Delivered,,,2/18/25 11:33,,,2/18/25 14:04,
,6550,,,,,,26,Bank 4,UPS,1ZB36G500369370481_,Delivered,,,2/18/25 11:40,,,2/18/25 14:03,
,6399,,,USPS,,,49,Bank 1,USPS,9400111298194852792819_,Delivered,,,2/18/25 10:05,,,2/18/25 14:00,
,5460,,,USPS,,,59,Bank 8,USPS,9534612771675044431977_,Delivered,,,2/18/25 9:24,,,2/18/25 14:00,
,RESIDENTIAL SERVICES,,,Lr,,,,,UPS,1Z0V069A0319991471_,Delivered,,2/18/25 10:46,,,,2/18/25 14:00,
,RESIDENTIAL SERVICES,,, Amazon,,,,,USPS,9488809000276106901589_,Delivered,,2/18/25 11:44,,,,2/18/25 14:00,
,RESIDENTIAL SERVICES,,,Chwey,,,,,FedEx,444450317488_,Delivered,,2/18/25 11:49,,,,2/18/25 14:00,
,2379,,,,,,56,Bank 8,FedEx,772047933779_,Delivered,,,2/17/25 12:44,,,2/18/25 13:59,
,6191,,,Bambbu,Rack 1,Rack 1,,,UPS,1Z4400560391337660_,Delivered,,2/18/25 11:12,,,,2/18/25 13:57,
,6191,,,Bambu,Rack 2,Rack 2,,,FedEx,772107138697_,Delivered,,2/18/25 12:12,,,,2/18/25 13:57,
,5662,,,USPS,,,52,Bank 1,USPS,LA539206874CA_,Delivered,,,2/18/25 10:09,,,2/18/25 13:56,
,5214,,,,,,36,Bank 6,UPS,1Z109T8TYW43826364_,Delivered,,,2/18/25 11:17,,,2/18/25 13:55,
,5844,,,,,,48,Bank 8,UPS,1ZK8R1500209664468_,Delivered,,,2/18/25 11:27,,,2/18/25 13:54,
,2758,,,,,,48,Bank 6,USPS,9488809000276106857596_,Delivered,,,2/18/25 12:41,,,2/18/25 13:54,
,4837,,,,,,29,Bank 7,Amazon,TBA319463007801_,Delivered,,,2/18/25 12:05,,,2/18/25 13:54,
,3231,,,Ups,,,71,Bank 5,USPS,92612999944007581421117672_,Delivered,,,2/18/25 11:10,,,2/18/25 13:54,
,5828,,,,,,25,Bank 7,USPS,9261290318409604848798_,Delivered,,,2/18/25 10:16,,,2/18/25 13:53,
,3496,,,,,,17,Bank 7,Amazon,TBA319470934575_,Delivered,,,2/18/25 12:16,,,2/18/25 13:52,
,3410,,,Fierio,Rack 1,Rack 1,,,UPS,1Z12625E0393198153_,Delivered,,2/18/25 11:07,,,,2/18/25 13:52,
,5837,,,Ups,,,17,Bank 8,UPS,1ZV9320VYW45682586_,Delivered,,,2/18/25 11:33,,,2/18/25 13:49,
,1513,,, Amazon,,,30,Bank 6,Amazon,TBA319382127243_,Delivered,,,2/14/25 12:33,,,2/18/25 13:49,
,CIVIL & ENVIRONMENTAL ENGINEERING,,,Clauss Studios,,,,,USPS,9400111206206459981486_,Delivered,,2/18/25 9:43,,,,2/18/25 13:47,
,CIVIL & ENVIRONMENTAL ENGINEERING,,,Ups,,,,,UPS,1Z09V40Y0307750904_,Delivered,,2/18/25 10:45,,,,2/18/25 13:47,
,,,,,,,,,UPS,1Z4X98060392387291_,Delivered,,,,,,2/18/25 13:47,
,2778,,,,,,2,Bank 6,USPS,9400136208070409360475_,Delivered,,,2/13/25 9:24,,,2/18/25 13:46,
,4702,,,USPS,,,53,Bank 1,USPS,9505515080204425113170_,Delivered,,,2/18/25 10:09,,,2/18/25 13:45,
,2093,,,,,,50,Bank 7,FedEx,285445498446_,Delivered,,,2/18/25 11:59,,,2/18/25 13:43,
,4364,,,,,,18,Bank 6,Amazon,TBA319415439261_,Delivered,,,2/18/25 12:21,,,2/18/25 13:43,
,4364,,,,,,18,Bank 6,Amazon,TBA319459011982_,Delivered,,,2/18/25 12:17,,,2/18/25 13:43,
,5391,,,,,,33,Bank 6,Amazon,TBA319472538023_,Stored,,,2/18/25 12:22,,,,
,4949,,,,,,51,Bank 6,Amazon,TBA319462945227_,Stored,,,2/18/25 12:21,,,,
,4603,,,,,,26,Bank 6,Amazon,TBA319464942682_,Stored,,,2/18/25 12:21,,,,
,4731,,,,,,50,Bank 6,Amazon,TBA319460659206_,Stored,,,2/18/25 12:20,,,,
,4603,,,,,,26,Bank 6,Amazon,TBA319462466571_,Stored,,,2/18/25 12:19,,,,
,2991,,,,,,25,Bank 6,Amazon,TBA319464584503_,Stored,,,2/18/25 12:18,,,,
,4492,,,,,,63,Bank 7,Amazon,TBA319464795060_,Stored,,,2/18/25 12:16,,,,
,5662,,,,,,7,Bank 7,FedEx,435013713760_,Stored,,,2/18/25 12:13,,,,
,4066,,,,,,1,Bank 4,FedEx,439595970315_,Stored,,,2/18/25 12:12,,,,
,5423,,,,,,44,Bank 7,Amazon,TBA319462237276_,Stored,,,2/18/25 12:10,,,,
,6706,,,,,,78,Bank 7,Amazon,TBA319464639542_,Stored,,,2/18/25 12:08,,,,
,2022,,,,,,34,Bank 7,Amazon,TBA319460994634_,Stored,,,2/18/25 12:08,,,,
,3402,,,,,,31,Bank 7,FedEx,434669330180_,Stored,,,2/18/25 12:07,,,,
,3366,,,,,,30,Bank 7,USPS,9261290986498160134006_,Stored,,,2/18/25 12:06,,,,
,4157,,,,,,83,Bank 7,Amazon,TBA319464551597_,Stored,,,2/18/25 12:05,,,,
,5770,,,,,,51,Bank 7,Amazon,TBA319460651119_,Stored,,,2/18/25 12:02,,,,
,1592,,,,,,32,Bank 8,USPS,9261290980628033309330_,Stored,,,2/18/25 11:56,,,,
,1018,,,,,,34,Bank 4,UPS,1ZR569370239499291_,Stored,,,2/18/25 11:46,,,,
,3696,,,Ups,,,27,Bank 7,UPS,1ZX320F41328363063_,Stored,,,2/18/25 11:39,,,,
,5916,,,Ups,,,11,Bank 7,UPS,1Z24431Y0319099158_,Stored,,,2/18/25 11:37,,,,
,4677,,,,,,17,Bank 4,UPS,1Z7V266F0393476124_,Stored,,,2/18/25 11:37,,,,
,3228,,,Pk,,,67,Bank 6,USPS,9400111206219545470283_,Stored,,,2/18/25 11:35,,,,
,6671,,,Ups,,,50,Bank 8,UPS,1Z0V19E00348225235_,Stored,,,2/18/25 11:34,,,,
,6268,,,Ups,,,8,Bank 4,UPS,1Z49AA091288811111_,Stored,,,2/18/25 11:28,,,,
,5020,,,Ups,,,7,Bank 4,UPS,1Z0F48550313692244_,Stored,,,2/18/25 11:27,,,,
,5683,,,Ups,,,8,Bank 8,USPS,92612999952033581044137149_,Stored,,,2/18/25 11:25,,,,
,5991,,,Ups,,,1,Bank 8,UPS,1ZY6805A0394798438_,Stored,,,2/18/25 11:23,,,,
,2291,,,,,,45,Bank 6,UPS,1Z9R33A40320148812_,Stored,,,2/18/25 11:20,,,,
,4722,,,Ups,,,88,Bank 8,UPS,1ZA42Y430295471657_,Stored,,,2/18/25 11:18,,,,
,5967,,,Ups,,,81,Bank 8,UPS,1ZKV77490318616280_,Stored,,,2/18/25 11:17,,,,
,2533,,,Ups,,,79,Bank 8,UPS,1Z71EY050396783162_,Stored,,,2/18/25 11:16,,,,
,5092,,,Ups,,,5,Bank 8,UPS,1Z0F57320316883102_,Stored,,,2/18/25 11:15,,,,
,2872,,,,,,21,Bank 6,UPS,1Z5V61W0YW53399888_,Stored,,,2/18/25 11:13,,,,
,5400,,,Ups,,,89,Bank 5,UPS,1Z0100830327926334_,Stored,,,2/18/25 11:12,,,,
,1046,,,Ups,,,76,Bank 5,UPS,1Z5F13W20332981543_,Stored,,,2/18/25 11:11,,,,
,3402,,,Ups,,,82,Bank 5,UPS,1Z2V07890366049798_,Stored,,,2/18/25 11:11,,,,
,3792,,,,,,15,Bank 6,UPS,1Z9234EW1315487614_,Stored,,,2/18/25 11:11,,,,
,5976,,,Ups,,,11,Bank 5,UPS,1ZWC68570334331831_,Stored,,,2/18/25 11:08,,,,
,6533,,,,,,42,Bank 7,USPS,9488809000276106857619_,Stored,,,2/18/25 10:28,,,,
,3376,,,,,,41,Bank 7,USPS,9361289725244398341679_,Stored,,,2/18/25 10:26,,,,
,5780,,,USPS,,,25,Bank 1,USPS,92001903478422300134997049_,Stored,,,2/18/25 10:25,,,,
,3563,,,,,,48,Bank 7,USPS,9261290318423101814193_,Stored,,,2/18/25 10:24,,,,
,6883,,,USPS,,,65,Bank 1,USPS,92144903627188220007858558_,Stored,,,2/18/25 10:24,,,,
,4652,,,USPS,,,20,Bank 1,USPS,9500114362335045749829_,Stored,,,2/18/25 10:23,,,,
,3238,,,USPS,,,17,Bank 2,USPS,9500115989065046354491_,Stored,,,2/18/25 10:23,,,,
,1980,,,USPS,,,11,Bank 2,USPS,9261290278833973303566_,Stored,,,2/18/25 10:21,,,,
,6228,,,USPS,,,12,Bank 1,USPS,9261290278833972971919_,Stored,,,2/18/25 10:20,,,,
,5400,,,USPS,,,56,Bank 1,USPS,9400103699300067074033_,Stored,,,2/18/25 10:16,,,,
,6792,,,USPS,,,9,Bank 1,USPS,9505514189265045752661_,Stored,,,2/18/25 10:14,,,,
,5231,,,USPS,,,6,Bank 1,USPS,9405511206239204695126_,Stored,,,2/18/25 10:14,,,,
,5001,,,USPS,,,56,Bank 2,USPS,9400111206206449922390_,Stored,,,2/18/25 10:12,,,,
,1349,,,USPS,,,45,Bank 2,USPS,9400111899560921401204_,Stored,,,2/18/25 10:12,,,,
,5288,,,USPS,,,2,Bank 7,USPS,9361289725244375653887_,Stored,,,2/18/25 10:10,,,,
,5253,,,USPS,,,4,Bank 2,USPS,92612903033819543475052652_,Stored,,,2/18/25 10:09,,,,
,2073,,,Card Kingdom,,,50,Bank 2,USPS,9400111206224426053141_,Stored,,,2/18/25 10:05,,,,
,1435,,,USPS,,,48,Bank 1,USPS,9200190105190963188303_,Stored,,,2/18/25 10:04,,,,
,2229,,,Greekgear,,,5,Bank 3,USPS,9434611206211702134733_,Stored,,,2/18/25 9:52,,,,
,1204,,,Cube,,,17,Bank 6,USPS,9300110597204032653051_,Stored,,,2/18/25 9:50,,,,
,7011,,,Relz,,,4,Bank 6,USPS,92001903478422300138238582_,Stored,,,2/18/25 9:50,,,,
,5409,,,Glick,,,88,Bank 5,USPS,9534612721685045809588_,Stored,,,2/18/25 9:49,,,,
,6071,,,USPS,,,49,Bank 7,USPS,9205590984172031102901_,Stored,,,2/18/25 9:46,,,,
,1585,,,Shein,,,64,Bank 5,USPS,9261290339609015411595_,Stored,,,2/18/25 9:46,,,,
,1592,,,Center,,,63,Bank 5,USPS,9400111205538492477222_,Stored,,,2/18/25 9:46,,,,
,7011,,,USPS,,,64,Bank 7,USPS,92001903478422300135458761_,Stored,,,2/18/25 9:45,,,,
,5931,,, Amazon,,,86,Bank 5,USPS,9361289725244432916559_,Stored,,,2/18/25 9:44,,,,
,7011,,,Izzy,,,45,Bank 5,USPS,92001903478422300135463796_,Stored,,,2/18/25 9:43,,,,
,2980,,,Windsor,,,62,Bank 7,USPS,9400111105898824519763_,Stored,,,2/18/25 9:43,,,,
,1349,,,Macy,,,74,Bank 5,USPS,9200190118753491644136_,Stored,,,2/18/25 9:42,,,,
,3729,,,Bigredbee,,,52,Bank 5,USPS,9405511206239208050921_,Stored,,,2/18/25 9:42,,,,
,6331,,,Sb,,,46,Bank 5,USPS,9400111105503473587680_,Stored,,,2/18/25 9:42,,,,
,5719,,,Townsend,,,50,Bank 5,USPS,9505513360675044294608_,Stored,,,2/18/25 9:41,,,,
,1476,,,Gap,,,27,Bank 5,USPS,92612999936556583037196184_,Stored,,,2/18/25 9:37,,,,
,2775,,,Visionworks,,,26,Bank 5,USPS,92001926729001077220112512_,Stored,,,2/18/25 9:37,,,,
,5980,,,Legrande,,,73,Bank 5,USPS,9505511367775043181844_,Stored,,,2/18/25 9:36,,,,
,5920,,,Manifestrx,,,20,Bank 5,USPS,92001903793557300000003538_,Stored,,,2/18/25 9:35,,,,
,2628,,,Yums,,,19,Bank 5,USPS,22479234690374346601660780_,Stored,,,2/18/25 9:34,,,,
,5717,,,Yums,,,18,Bank 5,USPS,22479200190374346601174070_,Stored,,,2/18/25 9:31,,,,
,4717,,,Formulate,,,86,Bank 8,USPS,9434636106092278459093_,Stored,,,2/18/25 9:30,,,,
,7011,,,Tanner,,,45,Bank 5,USPS,92346903478422300037811536_,Stored,,,2/18/25 9:29,,,,
,6264,,,Megan,,,43,Bank 5,USPS,9434611105503415791313_,Stored,,,2/18/25 9:28,,,,
,5015,,,Walnut,,,36,Bank 5,USPS,9334620111450099130102_,Stored,,,2/18/25 9:28,,,,
,6501,,,ROC1,,,84,Bank 8,USPS,9361289725244424299165_,Stored,,,2/18/25 9:26,,,,
,3027,,,Stanton,,,31,Bank 5,USPS,9534616159965046411704_,Stored,,,2/18/25 9:26,,,,
,5616,,,Home,,,77,Bank 8,USPS,9505513651415044473264_,Stored,,,2/18/25 9:23,,,,
,4881,,,Laura,,,23,Bank 5,USPS,9488809000276106857640_,Stored,,,2/18/25 9:17,,,,
,5843,,,Breck,,,43,Bank 8,USPS,9488809000276106857657_,Stored,,,2/18/25 9:17,,,,
,4694,,,Mom,,,8,Bank 5,USPS,9534613161665046371643_,Stored,,,2/18/25 9:14,,,,
,4677,,,USPS,,,25,Bank 8,USPS,9300120111412353969093_,Stored,,,2/18/25 9:12,,,,
,5995,,,USPS,,,22,Bank 8,USPS,9434601699330006493845_,Stored,,,2/18/25 9:10,,,,
,5020,,,USPD,,,10,Bank 8,USPS,22479214490342233005383656_,Stored,,,2/18/25 9:10,,,,
,Robotics,,,Ups,,,,,UPS,1ZAC66040313352435_,Delivered,,2/18/25 10:43,,,,2/18/25 13:43,
,Robotics,,,Ups,,,,,UPS,1Z9559370377655601_,Delivered,,2/18/25 10:43,,,,2/18/25 13:43,
,Robotics,,,Esu,,,,,FedEx,285404481110_,Delivered,,2/18/25 11:52,,,,2/18/25 13:43,
,1326,,,,,,47,Bank 6,Amazon,TBA319471086729_,Delivered,,,2/18/25 12:17,,,2/18/25 13:43,
,BIOMEDICAL ENGINEERING,,,Orange Connex,,,,,USPS,92001902410401237130058994_,Delivered,,2/18/25 9:46,,,,2/18/25 13:42,
,BIOMEDICAL ENGINEERING,,,Digi,,,,,UPS,1Z5674320224834787_,Delivered,,2/18/25 10:25,,,,2/18/25 13:42,
,4317,,,USPS,,,27,Bank 2,USPS,9334610597204043532897_,Delivered,,,2/18/25 10:25,,,2/18/25 13:42,
,BIOMEDICAL ENGINEERING,,,Life,,,,,FedEx,444832268570_,Delivered,,2/18/25 11:48,,,,2/18/25 13:41,
,BIOMEDICAL ENGINEERING,,,Rthermo,,,,,FedEx,444832256820_,Delivered,,2/18/25 11:49,,,,2/18/25 13:41,
,4996,,,,,,9,Bank 8,Custom Item,701455b8-fdc4-486c-8c0d-51237a19b883_,Delivered,,,2/7/25 19:11,,,2/18/25 18:40,
,President's Office,,,Imcom Detroit,,,,,USPS,9234690220086374042771_,Delivered,,2/18/25 10:45,,,,2/18/25 13:38,
,Marketing and Communications,,,Bh,,,,,FedEx,442079865136_,Delivered,,2/18/25 11:47,,,,2/18/25 13:34,
,3913,,,,,,15,Bank 4,UPS,1Z02721A0316351187_,Delivered,,,2/18/25 11:39,,,2/18/25 13:30,
,6531,,,,,,55,Bank 6,Amazon,TBA319429353941_,Delivered,,,2/18/25 12:22,,,2/18/25 13:29,
,2061,,,,,,20,Bank 7,USPS,9234690355087920979249_,Delivered,,2/18/25 10:12,2/18/25 11:39,,,2/18/25 13:28,
,4174,,,,PERISHABLE! COME ASAP,PERISHABLE! COME ASAP,3,Bank 7,FedEx,433672670950_,Delivered,,,2/18/25 12:02,,,2/18/25 13:28,
,Career Development Center,,,Fed Ex,,,,,FedEx,285506208264_,Delivered,,2/18/25 12:16,,,,2/18/25 13:27,
,,,,,,,,,FedEx,285506212500_,Delivered,,,,,,2/18/25 13:27,
,4521,,,amazon,,,21,Bank 4,Amazon,TBA319340755195_,Delivered,,,2/12/25 13:05,,,2/18/25 13:25,
,3142,,,Fodzyme,,,5,Bank 7,USPS,9300110597204039981904_,Delivered,,,2/18/25 9:35,,,2/18/25 13:25,
,4521,,,Amazon,,,28,Bank 6,Amazon,TBA319311237243_,Delivered,,,2/13/25 14:41,,,2/18/25 13:25,
,1918,,,Thriftbooks,,,54,Bank 7,USPS,9241990288794603579756_,Delivered,,,2/18/25 9:40,,,2/18/25 13:24,
,6053,,,Amazon,,,51,Bank 8,Amazon,TBA319167514860_,Delivered,,,2/4/25 12:07,,,2/18/25 13:24,
,6053,,,,,,17,Bank 6,Amazon,TBA318941850098_,Delivered,,2/13/25 14:07,1/27/25 12:02,,,2/18/25 13:23,
,5570,,,Ups,,,7,Bank 8,UPS,1ZW8R8410345104068_,Delivered,,,2/18/25 11:24,,,2/18/25 13:23,
,ARTS & SCI - ADMIN,,, Amazon,,,,,UPS,1ZG1937F0304072497_,Delivered,,2/18/25 10:41,,,,2/18/25 13:21,
,HUA,,,Hal Leonard,,,,,Parcelforce,LA150054477NL_,Delivered,,2/18/25 9:46,,,,2/18/25 13:19,
,HUMANITIES & ARTS,,,,,,26,Bank 7,USPS,92001903470167300222100139_,Delivered,,2/18/25 11:37,2/18/25 10:17,,,2/18/25 13:19,
,HUA,,,Jerico Turnpike,,,,,USPS,9300120111412364772514_,Delivered,,2/18/25 10:46,,,,2/18/25 13:19,
,METAL PROCESSING INSTITUTE,,,Sigma,Goddard EHS,,,,FedEx,438633893653_,Delivered,,2/12/25 11:57,,,,2/18/25 13:19,
,Manufacturing,,,Msc,,,,,UPS,1Z87V1190339651975_,Delivered,,2/18/25 10:45,,,,2/18/25 13:19,
,METAL PROCESSING INSTITUTE,,,WB,,,,,FedEx,352553953921774_,Delivered,,2/18/25 11:07,,,,2/18/25 13:19,
,Manufacturing,,,Cole,,,,,FedEx,441626135759_,Delivered,,2/18/25 11:50,,,,2/18/25 13:19,
,Lab Manager MPI,,,Fedex,,,,,FedEx,285447730110_,Delivered,,2/18/25 11:56,,,,2/18/25 13:19,
,5657,,,,,,19,Bank 6,UPS,1ZJ223H11330585966_,Delivered,,,2/18/25 11:15,,,2/18/25 13:19,
,6649,,,USPS,,,35,Bank 8,USPS,ER134291441US_,Delivered,,,2/18/25 9:14,,,2/18/25 13:18,
,DIGS,,,Kleenex,,,,,UPS,1ZF5Y3330394948764_,Delivered,,2/18/25 10:32,,,,2/18/25 13:16,
,1613,,,Ups,Rack 1,Rack 1,,,UPS,1ZY267170325541861_,Delivered,,2/18/25 11:14,,,,2/18/25 13:16,
,LIBRARY,,,Book,,,,,USPS,9488809000276299414446_,Delivered,,2/18/25 9:43,,,,2/18/25 13:15,
,LIBRARY,,,Franklin Pierce,,,,,USPS,9488809000276144304601_,Delivered,,2/18/25 9:46,,,,2/18/25 13:15,
,LIBRARY,,,Book,,,,,USPS,9114902200789647245141_,Delivered,,2/18/25 9:43,,,,2/18/25 13:15,
,INFORMATION TECHNOLOGY,,,Dell,,,,,UPS,1Z7R88580351895293_,Delivered,,2/18/25 10:27,,,,2/18/25 13:11,
,INFORMATION TECHNOLOGY,,,Comp,,,,,UPS,1Z5E5W924291951697_,Delivered,,2/18/25 10:30,,,,2/18/25 13:11,
,INFORMATION TECHNOLOGY,,,Dell,,,,,UPS,1Z7R88580351895195_,Delivered,,2/18/25 10:41,,,,2/18/25 13:11,
,INFORMATION TECHNOLOGY,,,Dell,,,,,UPS,1Z42WA272943205243_,Delivered,,2/18/25 10:41,,,,2/18/25 13:11,
,INFORMATION TECHNOLOGY,,,Dell,,,,,FedEx,418444133328_,Delivered,,2/18/25 11:54,,,,2/18/25 13:11,
,INFORMATION TECHNOLOGY,,,Dell,,,,,FedEx,430308750599_,Delivered,,2/18/25 11:54,,,,2/18/25 13:11,
,INFORMATION TECHNOLOGY,,,Dell,,,,,FedEx,430308750522_,Delivered,,2/18/25 11:54,,,,2/18/25 13:11,
,INFORMATION TECHNOLOGY,,,Dell,,,,,FedEx,430308759530_,Delivered,,2/18/25 11:54,,,,2/18/25 13:11,
,INFORMATION TECHNOLOGY,,,Dell,,,,,FedEx,430308727421_,Delivered,,2/18/25 11:54,,,,2/18/25 13:11,
,6485,,,Gem,,,48,Bank 5,USPS,9300120111412357844631_,Delivered,,,2/18/25 9:39,,,2/18/25 13:10,
,COMPUTER SCIENCE,,, Amazon,,,,,UPS,1ZAC27840367261829_,Delivered,,2/18/25 10:42,,,,2/18/25 13:09,
,COMPUTER SCIENCE,,, Amazon,,,,,UPS,1Z6VV8620374833261_,Delivered,,2/18/25 10:42,,,,2/18/25 13:09,
,Computer Science,,,Ricko,,,,,UPS,1Z6VV8620375617332_,Delivered,,2/18/25 10:44,,,,2/18/25 13:09,
,COMPUTER SCIENCE,,,,,,,,Amazon,TBA319450560205_,Delivered,,2/18/25 12:24,,,,2/18/25 13:09,
,3934,,,USPS,,,51,Bank 1,USPS,9214490347125904236209_,Delivered,,,2/18/25 10:08,,,2/18/25 13:08,
,6041,,,China Post,,,47,Bank 1,Custom Item,LZ156413535CN_,Delivered,,,2/18/25 10:04,,,2/18/25 13:08,
,ACADEMIC TECHNOLOGY CENTER,,,Pc Con,,,,,UPS,1ZW69R180346341097_,Delivered,,2/18/25 10:48,,,,2/18/25 13:08,
,5836,,,Shein,,,26,Bank 8,Speedx,SPX8YB056734797963_,Delivered,,,2/17/25 9:02,,,2/18/25 13:04,
,3401,,,Maribel Hernández Sojo,,,5,Bank 2,USPS,9500110336225046252459_,Delivered,,,2/18/25 10:17,,,2/18/25 13:03,
,4230,,,,,,52,Bank 7,FedEx,436348271106_,Delivered,,,2/18/25 12:14,,,2/18/25 13:02,
,2254,,,Lastmile,,,3,Bank 6,Purolator,021000000061_,Delivered,,,2/17/25 9:00,,,2/18/25 13:01,
,4797,,,,,,16,Bank 6,UPS,1Z6Y2A770389924006_,Delivered,,,2/18/25 11:11,,,2/18/25 13:01,
,2086,,,Janssen,,,57,Bank 5,USPS,9505515900735045472972_,Delivered,,,2/18/25 9:30,,,2/18/25 13:01,
,,,, Amazon,,,,,Amazon,TBA319466573701_,Delivered,,2/18/25 11:42,,,,2/18/25 13:00,
,1241,,,Omni,,,,,UPS,1Z0X37V10317439446_,Delivered,,2/18/25 10:37,,,,2/18/25 13:00,
,AeroSpace,,,Apogee,,,,,USPS,9436236208235274434375_,Delivered,,2/18/25 9:41,,,,2/18/25 13:00,
,MECHANICAL ENGINEERING,,,Scratches Happen,,,,,USPS,9400111105503481515453_,Delivered,,2/18/25 9:43,,,,2/18/25 13:00,
,ME,,,USPS,,,40,Bank 7,USPS,9434911206211703533543_,Delivered,,2/18/25 11:37,2/18/25 10:26,,,2/18/25 13:00,
,AERO,,,Online,,,,,UPS,1ZC6J5630311244035_,Delivered,,2/18/25 10:28,,,,2/18/25 13:00,
,AeroSpace,,,Mcmaster,,,,,UPS,1Z2003090120653770_,Delivered,,2/18/25 10:34,,,,2/18/25 13:00,
,AeroSpace,,,Mcmaster,,,,,UPS,1Z2003090120653636_,Delivered,,2/18/25 10:36,,,,2/18/25 13:00,
,AeroSpace,,,Mcmaster,,,,,UPS,1Z2003090120653627_,Delivered,,2/18/25 10:38,,,,2/18/25 13:00,
,MECHANICAL ENGINEERING,,, Amazon,,,,,UPS,1Z6A3Y940306426631_,Delivered,,2/18/25 10:46,,,,2/18/25 13:00,
,MECHANICAL ENGINEERING,,, Amazon,,,,,UPS,1ZX26F130353156251_,Delivered,,2/18/25 10:46,,,,2/18/25 13:00,
,MECHANICAL ENGINEERING,,, Amazon,,,,,UPS,1ZJ22G980325343064_,Delivered,,2/18/25 10:46,,,,2/18/25 13:00,
,MECHANICAL ENGINEERING,,,8020,,,,,UPS,1Z9116X40313215912_,Delivered,,2/18/25 10:47,,,,2/18/25 13:00,
,6765,,,Ups,,,20,Bank 7,UPS,1ZAC27770339981706_,Delivered,,,2/18/25 11:38,,,2/18/25 12:58,
,5664,,,,,,15,Bank 7,Amazon,TBA319459923605_,Delivered,,,2/18/25 12:00,,,2/18/25 12:58,
,4903,,,,,,12,Bank 7,Amazon,TBA319436121176_,Delivered,,,2/18/25 12:02,,,2/18/25 12:57,
,5664,,,USPS,,,2,Bank 1,USPS,9300110597204038246219_,Delivered,,,2/18/25 10:04,,,2/18/25 12:56,
,6973,,,Amazon ,,,2,Bank 8,USPS,9361289725244357438563_,Delivered,,,2/18/25 9:09,,,2/18/25 12:56,
,1785,,,,,,75,Bank 7,FedEx,285280189726_,Delivered,,,2/18/25 12:03,,,2/18/25 12:55,
,4956,,,Hed,,,59,Bank 5,USPS,9400111206239290955040_,Delivered,,,2/18/25 9:34,,,2/18/25 12:54,
,6371,,,2XIST,,,4,Bank 7,USPS,9400111206211799800717_,Delivered,,,2/18/25 9:35,,,2/18/25 12:54,
,6715,,,,,,10,Bank 4,UPS,1Z0F57320316941030_,Delivered,,,2/18/25 11:34,,,2/18/25 12:53,
,5930,,,,,,37,Bank 6,Amazon,TBA319464069631_,Delivered,,,2/18/25 12:23,,,2/18/25 12:53,
,6078,,,,,,12,Bank 4,UPS,1Z0F57320316807640_,Delivered,,,2/18/25 11:36,,,2/18/25 12:52,
,6048,,,Harrison,,,84,Bank 5,USPS,92001903478422300137530724_,Delivered,,,2/18/25 9:44,,,2/18/25 12:52,
,4771,,,,,,1,Bank 7,Amazon,TBA319466630544_,Delivered,,,2/18/25 12:09,,,2/18/25 12:52,
,1620,,,,,,25,Bank 4,UPS,1Z443766YW67289280_,Delivered,,,2/18/25 11:39,,,2/18/25 12:51,
,2603,,,DCL,,,11,Bank 8,USPS,9261290277941824160853_,Delivered,,,2/18/25 9:11,,,2/18/25 12:45,
,6286,,,Secondsale,,,51,Bank 3,USPS,9241990217524436679109_,Delivered,,,2/18/25 9:51,,,2/18/25 12:44,
,6286,,,USPS,,,9,Bank 2,USPS,9434611206211702417300_,Delivered,,,2/18/25 10:19,,,2/18/25 12:44,
,3068,,,,,,90,Bank 8,Amazon,TBA319385859574_,Delivered,,,2/14/25 12:21,,,2/18/25 12:44,
,3068,,, Amazon,,,87,Bank 6,Amazon,TBA319377504113_,Delivered,,,2/14/25 12:30,,,2/18/25 12:44,
,3068,,, Amazon,,,39,Bank 5,USPS,9361289725244342660634_,Delivered,,,2/18/25 9:39,,,2/18/25 12:44,
,6869,,,Ups,,,60,Bank 7,UPS,1ZJ715H20294705320_,Delivered,,,2/18/25 11:42,,,2/18/25 12:33,
,1424,,,,,,48,Bank 6,Amazon,TBA319471174513_,Delivered,,,2/18/25 12:19,,,2/18/25 12:33,
,4444,,,,,,13,Bank 6,USPS,92612999967577581107555081_,Delivered,,,2/18/25 11:10,,,2/18/25 12:32,
,5790,,,USPS,,,58,Bank 8,USPS,9434611899560997224303_,Delivered,,,2/18/25 9:24,,,2/18/25 12:28,
,3376,,,,Rack 2,,,,FedEx,285401267740_,Routed,,2/18/25 12:27,,,,,
,6191,,,Ups,,,9,Bank 5,UPS,1ZC6J5620336805241_,Delivered,,,2/18/25 11:07,,,2/18/25 12:24,
,6289,,,Meds,Fridge,,,,FedEx,424614637987_,Routed,,2/18/25 12:24,,,,,
,1977,,,,,,35,Bank 7,FedEx,423844016653_,Delivered,,,2/18/25 12:08,,,2/18/25 12:23,
,6541,,,Amazon ,Rack 2,,,,Amazon,TBA319414649859_,Delivered,,2/18/25 12:11,,,,2/18/25 12:22,
,2993,,,Slawzy’s,,,48,Bank 2,USPS,9488809000276106857633_,Delivered,,,2/18/25 10:04,,,2/18/25 12:19,
,2993,,,USPS,,,48,Bank 2,USPS,92001903478427300094943990_,Delivered,,,2/18/25 10:22,,,2/18/25 12:19,
,2460,,,Epoch Batteries,,,85,Bank 8,USPS,9400111105503471325468_,Delivered,,,2/18/25 9:28,,,2/18/25 12:18,
,4806,,,LaserShip ,,,31,Bank 8,LaserShip,1LSCXON004JHHLG1CXONADIDHAPARD18706TAUNTAUNB12-054_,Delivered,,,1/21/25 15:33,,,2/18/25 12:18,
,1110,,,Ups,,,46,Bank 7,UPS,1ZA576230313119711_,Delivered,,,2/18/25 11:40,,,2/18/25 12:18,
,6416,,,LaserShip ,,,5,Bank 8,LaserShip,1LSCXM1400238841CXM1WAPASLNYRD10974TAUNTAUNB7-M160_,Delivered,,,1/21/25 15:26,,,2/18/25 12:18,
,1217,,,LS,,,52,Bank 8,Lasership,1LS722779135596|1|M7227|GAPOH|RD|08810|TAUN|TAUN|B_,Delivered,,,1/16/25 14:29,,,2/18/25 12:17,
,1475,,,USPS,,,67,Bank 1,USPS,22479200190373922289320087_,Delivered,,,2/18/25 10:26,,,2/18/25 12:15,
,6618,,,USPS ,,,53,Bank 7,USPS,9400109206094681242096_,Delivered,,,2/18/25 9:39,,,2/18/25 12:15,
,6618,,,,,,55,Bank 8,FedEx,285361090827_,Delivered,,,2/18/25 11:56,,,2/18/25 12:14,
,4012,,,USPS,,,33,Bank 2,USPS,9400109206094104078783_,Delivered,,,2/18/25 10:29,,,2/18/25 12:12,
,5655,,,Goldstein,,,14,Bank 5,USPS,9534615211815043346078_,Delivered,,,2/18/25 9:24,,,2/18/25 12:12,
,6754,,,Ups,,,44,Bank 6,UPS,1ZG1937A1204353845_,Delivered,,,2/18/25 11:20,,,2/18/25 12:12,
,1159,,,,,,13,Bank 4,USPS,92395924911591571384436129_,Delivered,,,2/18/25 11:36,,,2/18/25 12:11,
,5253,,,,,,23,Bank 7,Amazon,TBA319442354817_,Delivered,,,2/18/25 12:07,,,2/18/25 12:11,
,5253,,,,,,23,Bank 7,Amazon,TBA319411172761_,Delivered,,,2/18/25 12:04,,,2/18/25 12:11,
,5253,,,,,,23,Bank 7,Amazon,TBA319470201268_,Delivered,,,2/18/25 12:04,,,2/18/25 12:11,
,6478,,,Costco,Rack 1,,,,FedEx,444428693100_,Routed,,2/18/25 12:10,,,,,
,1652,,,Hoosier Tire,Rack 1,,,,FedEx,408907677042_,Routed,,2/18/25 12:09,,,,,
,2306,,,Twist,,,17,Bank 7,USPS,92612903033185543480370505_,Delivered,,,2/18/25 9:44,,,2/18/25 12:09,
,2620,,,,,,34,Bank 6,UPS,1ZV9320VYW45824806_,Delivered,,,2/18/25 11:15,,,2/18/25 12:08,
,4530,,,,,,78,Bank 7,Amazon,TBA319460427151_,Delivered,,,2/18/25 12:05,,,2/18/25 12:07,
,1413,,,Vantine,"Giant picture frame,Rear floor",,,,FedEx,418147751449_,Routed,,2/18/25 12:05,,,,,
,1831,,,TCGplayer,,,63,Bank 7,USPS,9400111109242801291160_,Delivered,,,2/18/25 9:44,,,2/18/25 12:03,
,1623,,, Amazon,Rack 1,Rack 1,,,USPS,9361289725244387603931_,Delivered,,2/18/25 9:20,,,,2/18/25 12:01,
,5865,,,USPS,,,45,Bank 8,USPS,9505511520795043435140_,Delivered,,,2/18/25 9:22,,,2/18/25 12:00,
,AK RBE Lab Manager,,, Amazon,,,,,UPS,1Z806YW20363710367_,Delivered,,2/18/25 10:43,,,,2/18/25 12:00,
,3196,,,USPS,,,61,Bank 2,USPS,9405540202022000083037_,Delivered,,,2/18/25 10:13,,,2/18/25 11:59,
,3790,,,,,,71,Bank 8,FedEx,442079891648_,Delivered,,,2/18/25 11:59,,,2/18/25 11:59,
,ELECTRICAL & COMPUTER ENGINEERING,,,Rsr Elec,,,,,USPS,9400111206211701584889_,Delivered,,2/18/25 9:22,,,,2/18/25 11:59,
,4802,,,Jewels,,,52,Bank 2,USPS,9261290318421507977245_,Delivered,,2/18/25 10:05,2/18/25 10:06,,,2/18/25 11:59,
,ECE,,,Blazing Trade,,,,,USPS,9300120111412361955224_,Delivered,,2/18/25 10:45,,,,2/18/25 11:59,
,5610,,,Nj,,,53,Bank 5,USPS,92144903627188220007979741_,Delivered,,,2/18/25 9:43,,,2/18/25 11:59,
,5552,,,PND,,,55,Bank 7,USPS,9205590286169500335729_,Delivered,,,2/18/25 9:41,,,2/18/25 11:58,
,4253,,,Home,,,82,Bank 1,USPS,9505514177535043365039_,Delivered,,,2/14/25 9:20,,,2/18/25 11:58,
,4269,,,USPS,,,65,Bank 2,USPS,9300120111412361800692_,Delivered,,,2/18/25 10:16,,,2/18/25 11:58,
,3634,,,Amazon ,,,41,Bank 8,USPS,9361289725244487384006_,Delivered,,,2/18/25 9:14,,,2/18/25 11:57,
,5207,,, Amazon,,,84,Bank 6,USPS,9361289725244291600187_,Delivered,,,2/14/25 9:25,,,2/18/25 11:57,
,3634,,, Amazon,,,3,Bank 5,USPS,9361289725244486585350_,Delivered,,,2/18/25 9:16,,,2/18/25 11:57,
,2710,,,RZN,,,3,Bank 7,USPS,9400111899560512041093_,Delivered,,,2/18/25 9:34,,,2/18/25 11:57,
,2036,,,Contacts,,,75,Bank 1,USPS,9200190230197681221553_,Delivered,,,2/14/25 9:23,,,2/18/25 11:57,
,2710,,,,,,35,Bank 6,UPS,1Z181VE0YW60042975_,Delivered,,,2/18/25 11:17,,,2/18/25 11:56,
,6610,,,USPS,,,72,Bank 8,USPS,9534612703735045602369_,Delivered,,,2/18/25 9:27,,,2/18/25 11:56,
,3811,,,,,,5,Bank 4,UPS,1Z5462V20308146147_,Delivered,,,2/18/25 11:32,,,2/18/25 11:56,
,7002,,,,,,60,Bank 5,Amazon,TBA319337550672_,Delivered,,,2/12/25 11:37,,,2/18/25 11:56,
,2710,,,,,,57,Bank 6,UPS,1Z0V069A0320204667_,Delivered,,,2/18/25 11:21,,,2/18/25 11:56,
,4790,,,Vangaurd,,,49,Bank 5,USPS,9405511206206451033995_,Delivered,,,2/18/25 9:40,,,2/18/25 11:56,
,2877,,,SAIE,,,12,Bank 7,USPS,92612926998343553237867191_,Delivered,,,2/18/25 9:43,,,2/18/25 11:56,
,4470,,,Teague,,,34,Bank 5,USPS,22479405530109355101769520_,Delivered,,,2/18/25 9:28,,,2/18/25 11:55,
,4470,,,Donna,,,4,Bank 5,USPS,9505510329015044719466_,Delivered,,,2/18/25 9:25,,,2/18/25 11:55,
,2789,,,USPS,,,3,Bank 3,USPS,92346903470167300080599566_,Delivered,,,2/18/25 9:49,,,2/18/25 11:54,
,4581,,,UPS,,,1,Bank 4,UPS,1Z7V53F50393790370_,Delivered,,,2/12/25 10:26,,,2/18/25 11:53,
,1992,,,USPS,,,55,Bank 1,USPS,92001903478422300136495420_,Delivered,,,2/18/25 10:12,,,2/18/25 11:53,
,6015,,,,,,32,Bank 7,USPS,9200190161985780948560_,Delivered,,,2/18/25 10:23,,,2/18/25 11:53,
,4581,,,Amazon,,,54,Bank 2,USPS,9361289725244460151069_,Delivered,,,2/18/25 10:20,,,2/18/25 11:53,
,6015,,,USPS,,,19,Bank 2,USPS,9234690161987080975217_,Delivered,,,2/18/25 10:24,,,2/18/25 11:53,
,6483,,,USPS,,,51,Bank 7,USPS,9500110727575041864705_,Delivered,,,2/18/25 9:38,,,2/18/25 11:52,
,6015,,,Nordstrom,,,70,Bank 5,USPS,9234690293077222114302_,Delivered,,,2/18/25 9:49,,,2/18/25 11:52,
,6483,,,USPS,,,75,Bank 8,USPS,9534612017015042842181_,Delivered,,,2/18/25 9:20,,,2/18/25 11:52,
,5066,,,Amazon,,,50,Bank 7,Amazon,TBA319385393965_,Delivered,,,2/14/25 12:31,,,2/18/25 11:52,
,4082,,,USPS,,,52,Bank 7,USPS,9500110337445045997444_,Delivered,,,2/18/25 9:39,,,2/18/25 11:51,
,4581,,,Lifted,,,10,Bank 5,USPS,9400111105503412198823_,Delivered,,,2/18/25 9:27,,,2/18/25 11:51,
,,,,,,,,,FedEx,723638828472_,Delivered,,,,,,2/18/25 11:50,
,6658,,,,,,18,Bank 6,UPS,1Z6F97Y10344321674_,Delivered,,,2/18/25 11:15,,,2/18/25 11:49,
,6621,,,,,,24,Bank 6,UPS,1Z8738R70333562771_,Delivered,,,2/18/25 11:14,,,2/18/25 11:48,
,,,,,,,,,FedEx,440841800487_,Delivered,,,,,,2/18/25 11:48,
,5940,,,Urban,,,41,Bank 5,USPS,9234690229417320150713_,Delivered,,,2/18/25 9:40,,,2/18/25 11:48,
,6494,,,Gamersupp,,,21,Bank 5,USPS,9261290210347312299558_,Delivered,,,2/18/25 9:15,,,2/18/25 11:46,
,4342,,,Alteu,,,2,Bank 3,USPS,9300110597204031192605_,Delivered,,,2/18/25 9:49,,,2/18/25 11:45,
,4342,,,Alteu,,,2,Bank 3,USPS,9300110597204031034105_,Delivered,,,2/18/25 9:49,,,2/18/25 11:45,
,3460,,, Amazon,,,17,Bank 5,USPS,9361289725244271495277_,Delivered,,,2/18/25 9:30,,,2/18/25 11:43,
,CIVIL & ENVIRONMENTAL ENGINEERING,,, Amazon,,,,,Amazon,TBA319437707520_,Routed,,2/18/25 11:43,,,,,
,6748,,,USPS,,,33,Bank 1,USPS,9400109206094680107853_,Delivered,,,2/18/25 10:25,,,2/18/25 11:42,
,4288,,,Ups,,,14,Bank 8,UPS,1Z04E04A0388137451_,Delivered,,,2/18/25 11:25,,,2/18/25 11:42,
,5849,,,,,,11,Bank 4,UPS,1Z965EW40210836452_,Delivered,,,2/18/25 11:34,,,2/18/25 11:42,
,RESIDENTIAL SERVICES,,,,,,,,USPS,9261290367755502184343_,Delivered,,2/18/25 10:45,,,,2/18/25 11:41,
,RESIDENTIAL SERVICES,,,,,,,,USPS,9261290304446229314045_,Delivered,,2/18/25 10:45,,,,2/18/25 11:41,
,2529,,,USPS,,,6,Bank 2,USPS,9400109206094101736891_,Delivered,,,2/18/25 10:09,,,2/18/25 11:37,
,6893,,,,,,11,Bank 6,UPS,1ZB36G500369868373_,Delivered,,,2/18/25 11:12,,,2/18/25 11:37,
,3880,,,,,,32,Bank 8,FedEx,772083852405_,Delivered,,,2/17/25 12:48,,,2/18/25 11:37,
,2134,,,Ups,,,15,Bank 8,UPS,1Z76940AYW10156973_,Delivered,,,2/18/25 11:14,,,2/18/25 11:34,
,2803,,,Ups,,,49,Bank 8,USPS,9400111206211797155093_,Delivered,,,2/18/25 11:31,,,2/18/25 11:32,
,6537,,,USPS,,,67,Bank 2,USPS,9400109206094104329656_,Delivered,,,2/18/25 10:20,,,2/18/25 11:31,
,6155,,,GAP,,,36,Bank 8,USPS,92612999916505583250063766_,Delivered,,,2/18/25 9:15,,,2/18/25 11:29,
,7008,,,Home,,,71,Bank 8,USPS,9505512105365044870077_,Delivered,,,2/18/25 9:25,,,2/18/25 11:29,
,1408,,,Ups,,,80,Bank 8,UPS,1Z1826920325257518_,Delivered,,,2/18/25 11:15,,,2/18/25 11:27,
,4985,,,amazon,,,43,Bank 4,Amazon,TBA319350261756_,Delivered,,,2/12/25 12:58,,,2/18/25 11:27,
,1408,,,Ups,,,58,Bank 6,UPS,1Z4X67420374359783_,Delivered,,,2/18/25 11:22,,,2/18/25 11:27,
,4985,,,Lastmile,,,17,Bank 8,Custom Item,ACI0160904102100000021100004254504_,Delivered,,,2/17/25 9:01,,,2/18/25 11:26,
,6238,,,Ups,,,20,Bank 6,UPS,1ZA8G6380321319045_,Delivered,,,2/18/25 11:19,,,2/18/25 11:26,
,4985,,,Lastmile,,,9,Bank 6,Purolator,021000000211_,Delivered,,,2/17/25 9:02,,,2/18/25 11:26,
,3979,,,Home,,,11,Bank 7,USPS,9205590220086373251038_,Delivered,,,2/18/25 9:40,,,2/18/25 11:18,
,3376,,,Mcmaster Carr,Rear floor,,,,UPS,1Z0100830327925497_,Routed,,2/18/25 11:18,,,,,
,3376,,,Mcmaster Carr,Rear floor,,,,UPS,1Z0100830327925504_,Routed,,2/18/25 11:18,,,,,
,3979,,,USPS,,,40,Bank 1,USPS,9488809000276106857626_,Delivered,,,2/18/25 10:28,,,2/18/25 11:18,
,5400,,,Mcmaster,Rear floor,,,,UPS,1Z0100830327926094_,Routed,,2/18/25 11:16,,,,,
,5400,,,Mcmaster,Rack 1,,,,UPS,1Z0100830327926101_,Routed,,2/18/25 11:13,,,,,
,5846,,, Amazon,Rack 1,,,,UPS,1ZG193780323412331_,Routed,,2/18/25 11:10,,,,,
,G248,,,Elecscooter,Rear Floor,,,,UPS,1ZE427800396695766_,Routed,,2/18/25 11:09,,,,,
,INFORMATION TECHNOLOGY,,,W B,4 cases paper,,,,Custom Item,136002430DEL_,Routed,,2/18/25 11:08,,,,,
,6075,,,,,,15,Bank 8,DHL,1952976281_,Delivered,,,2/17/25 11:59,,,2/18/25 11:07,
,4537,,,Book,,,65,Bank 5,USPS,9241990288795703106415_,Delivered,,,2/18/25 9:47,,,2/18/25 11:03,
,4537,,,USP,,,52,Bank 3,USPS,9449011206211790375261_,Delivered,,,2/18/25 9:54,,,2/18/25 11:02,
,4018,,,USPS,,,69,Bank 7,USPS,9200190256037500834312_,Delivered,,,2/18/25 10:08,,,2/18/25 11:00,
,6961,,,Untold,,,77,Bank 5,USPS,92001903478422300134880938_,Delivered,,,2/18/25 9:44,,,2/18/25 10:59,
,6543,,,Omo,,,11,Bank 6,USPS,9234690347369100131809_,Delivered,,,2/18/25 9:50,,,2/18/25 10:58,
,,,,,,,,,UPS,1Z00283A0326537025_,Delivered,,,,,,2/18/25 10:57,
,,,,,,,,,UPS,1Z00283A0326537007_,Delivered,,,,,,2/18/25 10:57,
,,,,,,,,,UPS,1Z00283A0326537034_,Delivered,,,,,,2/18/25 10:57,
,6527,,,USPS,,,68,Bank 7,USPS,9200190327908700369065_,Delivered,,,2/18/25 9:47,,,2/18/25 10:57,
,2852,,,USPS,,,20,Bank 2,USPS,9449011206219544859371_,Delivered,,,2/18/25 10:24,,,2/18/25 10:56,
,2431,,,Human,,,9,Bank 5,USPS,9434636208235286824737_,Delivered,,,2/18/25 9:27,,,2/18/25 10:55,
,5112,,,USPS,,,1,Bank 8,USPS,92612999937500543489662796_,Delivered,,,2/18/25 9:18,,,2/18/25 10:55,
,5886,,,,,,46,Bank 7,USPS,9434603699300012639906_,Delivered,,,2/18/25 10:31,,,2/18/25 10:55,
,5873,,,USPS,,,19,Bank 1,USPS,9434611899560926015033_,Delivered,,,2/18/25 10:23,,,2/18/25 10:54,
,1403,,,Baumgartner,,,72,Bank 5,USPS,9510815623835044264497_,Delivered,,,2/18/25 9:35,,,2/18/25 10:53,
,1230,,,Pk,,,68,Bank 6,USPS,9300110597204037237935_,Delivered,,,2/14/25 9:27,,,2/18/25 10:53,
,6311,,,USPS,,,80,Bank 8,USPS,92346903478422300038092019_,Delivered,,,2/18/25 9:30,,,2/18/25 10:53,
,1230,,,Peter,,,66,Bank 5,USPS,9400136106025276181510_,Delivered,,,2/18/25 9:47,,,2/18/25 10:53,
,1230,,,USPS,,,3,Bank 1,USPS,9400111105503443058240_,Delivered,,,2/18/25 10:11,,,2/18/25 10:52,
,5533,,,USPS,,,39,Bank 1,USPS,9400111105503410664030_,Delivered,,,2/18/25 10:27,,,2/18/25 10:50,
,1366,,,Lizzie,,,69,Bank 5,USPS,9500113356915046553827_,Delivered,,,2/18/25 9:49,,,2/18/25 10:49,
,3764,,,USPS,,,66,Bank 1,USPS,9505506590615046729563_,Delivered,,,2/18/25 10:26,,,2/18/25 10:48,
,5944,,,USPS,,,10,Bank 2,USPS,9434611202382858289036_,Delivered,,,2/18/25 10:19,,,2/18/25 10:45,
,3285,,,Venba,,,11,Bank 5,USPS,92346903470167300081364460_,Delivered,,,2/18/25 9:28,,,2/18/25 10:45,
,Foisie Makerspace,,,Dmzm,,,,,USPS,9205576527867511109459_,Routed,,2/18/25 10:44,,,,,
,5938,,,USPS,,,38,Bank 1,USPS,9300120111412356965580_,Delivered,,,2/18/25 10:26,,,2/18/25 10:44,
,7023,,,USPS,,,9,Bank 3,USPS,22479200190373170009656804_,Delivered,,,2/18/25 9:53,,,2/18/25 10:42,
,5877,,,Wolfram,,,61,Bank 5,RoyalMail,UB820480387GB_,Delivered,,,2/18/25 9:45,,,2/18/25 10:38,
,5837,,,USPS,,,63,Bank 1,USPS,9400111206206447225813_,Delivered,,,2/18/25 10:18,,,2/18/25 10:36,
,5837,,,USPS,,,64,Bank 2,USPS,9400111206224420483746_,Delivered,,,2/18/25 10:16,,,2/18/25 10:36,
,5844,,,Merchant Mate,,,48,Bank 8,USPS,9349320111411057980215_,Delivered,,,2/18/25 9:22,,,2/18/25 10:30,
,Chartwells / Front Office,,,Sticker,,,,,UPS,1ZA576230302958415_,Routed,,2/18/25 10:29,,,,,
,MATHEMATICAL SCIENCES,,, Amazon,,,,,UPS,1Z82F52Y0383651948_,Routed,,2/18/25 10:26,,,,,
,4012,,,USPS,,,64,Bank 1,USPS,9400109206094103440673_,Delivered,,,2/18/25 10:21,,,2/18/25 10:24,
,6960,,,USPS,,,54,Bank 2,USPS,9400111206239209082683_,Delivered,,,2/18/25 10:07,,,2/18/25 10:19,
,2090,,,Bilal,,,80,Bank 1,USPS,9505513241365043845777_,Delivered,,,2/14/25 9:20,,,2/18/25 10:09,
,2090,,,,,,39,Bank 6,Amazon,TBA319339354473_,Delivered,,,2/13/25 12:13,,,2/18/25 10:08,
,2812,,,,,,5,Bank 8,Amazon,TBA319358502196_,Delivered,,,2/13/25 14:41,,,2/18/25 10:02,
,2812,,, Amazon,,,21,Bank 3,Amazon,TBA319385746189_,Delivered,,,2/14/25 12:45,,,2/18/25 10:01,
,1391,,,Lane,,,71,Bank 5,USPS,9505514498775038553328_,Delivered,,,2/18/25 9:34,,,2/18/25 9:59,
,1391,,,Headley Ln,,,44,Bank 5,USPS,9505514498775038553342_,Delivered,,,2/18/25 9:29,,,2/18/25 9:59,
,5623,,,Home,,,2,Bank 7,USPS,9534610689945044649655_,Delivered,,,2/18/25 9:34,,,2/18/25 9:57,
,Chartwells,,,Bonita,,,,,USPS,9400136208070415810940_,Routed,,2/18/25 9:56,,,,,
,1189,,,Bn,,,76,Bank 5,USPS,92419901047916583251610474_,Delivered,,,2/18/25 9:43,,,2/18/25 9:55,
,5894,,,Van Stone,Rack 1,,,,USPS,9505513163575044502347_,Delivered,,2/18/25 9:13,,,,2/18/25 9:50,
,3506,,,Speedy Pros,,,81,Bank 8,USPS,9400111105503476517776_,Delivered,,,2/18/25 9:31,,,2/18/25 9:50,
,4627,,,Universal Yums,,,79,Bank 8,USPS,22809234690374346601887576_,Delivered,,,2/18/25 9:25,,,2/18/25 9:46,
,4627,,,Game Elementz,,,49,Bank 7,USPS,9400111105503457613305_,Delivered,,,2/18/25 9:38,,,2/18/25 9:46,
,6912,,, Amazon,Rack 1,,,,USPS,9361289725244351859944_,Routed,,2/18/25 9:23,,,,,
,6344,,,Clelland,,,13,Bank 5,USPS,9534616903665038214711_,Delivered,,,2/18/25 9:09,,,2/18/25 9:20,
,2598,,,Monitor,Rack 1,Rack 1,,,Amazon,TBA319375880603_,Delivered,,2/14/25 12:14,,,,2/18/25 9:07,