To,Location 1,Location 2,Location 3,From,Notes,Delivered Notes,Locker Number,Locker Bank,Carrier,Tracking #,Transaction Status ,Routed by,Routed Date Time,Stored Date Time,Delivered by,Delivered To,Delivered Date Time,Stored by,Origin City,Origin State,Origin Zip,Origin Country
,5993,,, Amazon,,,35.0,Bank 5,Amazon,TBA319383027359_,Delivered,,,2/14/25 12:15,,,2/18/25 23:14,,,,,
,6397,,,USPS,,,54.0,Bank 1,USPS,00009302120184900316833399_,Delivered,,,2/18/25 10:11,,,2/18/25 22:45,,,,,US
,5803,,,,,,39.0,Bank 7,USPS,22479400108105463440544682_,Delivered,,,2/18/25 10:24,,,2/18/25 21:45,,,,,US
,4542,,,Ups,,,13.0,Bank 7,UPS,1ZH93Y971214113005_,Delivered,,,2/18/25 11:37,,,2/18/25 21:35,,Sacramento,CA,95835,US
,6218,,,Amre,,,13.0,Bank 5,USPS,9534614852415045806637_,Delivered,,,2/18/25 9:25,,,2/18/25 21:29,,Somers,NY,10589,US
,5917,,,,,,43.0,Bank 4,FedEx,434669328308_,Delivered,,,2/18/25 12:11,,,2/18/25 21:28,,Conklin,NY,,US
,3197,,,Home,,,83.0,Bank 8,USPS,9505506592765043404142_,Delivered,,,2/18/25 9:26,,,2/18/25 21:27,,Peabody,MA,01960,US
,6322,,,Lv,,,28.0,Bank 5,USPS,9261290367755113778481_,Delivered,,,2/18/25 9:37,,,2/18/25 21:07,,Shrewsbury,MA,01546,US
,5271,,,,,,70.0,Bank 7,USPS,9400136208271332430833_,Delivered,,,2/18/25 10:15,,,2/18/25 20:50,,San Bernardino,CA,92408,US
,2207,,,Peppermayo,,,66.0,Bank 7,USPS,9261290316841507669377_,Delivered,,,2/18/25 9:47,,,2/18/25 20:49,,Shrewsbury,MA,01546,US
,6597,,,,,,16.0,Bank 7,Amazon,TBA319321142652_,Delivered,,,2/18/25 12:01,,,2/18/25 20:48,,,,,
,6223,,,Kim,,,40.0,Bank 5,USPS,92001903651784300029997653_,Delivered,,,2/18/25 9:40,,,2/18/25 20:32,,Mayer,MN,55360,US
,6223,,,,,,32.0,Bank 7,FedEx,444844832649_,Delivered,,,2/18/25 12:02,,,2/18/25 20:31,,,,,
,2157,,,,,,14.0,Bank 4,FedEx,285433819567_,Delivered,,,2/18/25 12:12,,,2/18/25 20:29,,,,,
,2157,,,Ups,,,4.0,Bank 4,UPS,1Z0F57320316923934_,Delivered,,,2/18/25 11:30,,,2/18/25 20:28,,Goodyear,AZ,85338,US
,5621,,,Sterling,,,19.0,Bank 7,USPS,92001903470167300222086457_,Delivered,,,2/18/25 9:46,,,2/18/25 20:23,,,,,US
,4185,,,Friend,,,58.0,Bank 5,USPS,9434640104250000473581_,Delivered,,,2/18/25 9:31,,,2/18/25 20:19,,Jackson,MO,63755,US
,2594,,,Omnis,,,73.0,Bank 8,USPS,9405511105503432018722_,Delivered,,,2/18/25 9:29,,,2/18/25 20:14,,Van Nuys,CA,91406,US
,5071,,,Desk,Rear floor,,,,FedEx,777464651981_,Delivered,,7/22/24 12:25,,,,2/18/25 20:14,,Northampton,PA,,US
,5071,,,Couch,"100 pounds ,Rear floor",,,,FedEx,277214814923_,Delivered,,7/23/24 12:04,,,,2/18/25 20:14,,Trenton,NJ,,US
,5071,,,Chair,On rear floor,,,,FedEx,777464651227_,Delivered,,7/23/24 12:06,,,,2/18/25 20:14,,Olive Branch,MS,,US
,5071,,,Couch,Rear floor,,,,FedEx,277214875752_,Delivered,,7/24/24 14:28,,,,2/18/25 20:14,,Trenton,NJ,,US
,5071,,,Amazon,Rack 2,,,,Amazon,TBA315251533976_,Delivered,,8/23/24 12:40,,,,2/18/25 20:14,,,,,
,5071,,,USPS,,,66.0,Bank 2,USPS,9300189690000522491682_,Delivered,,,2/18/25 10:18,,,2/18/25 20:13,,Hebron,KY,41048,US
,5803,,,Loudmouth,,,67.0,Bank 5,USPS,9261290316844312571385_,Delivered,,,2/18/25 9:47,,,2/18/25 20:11,,Shrewsbury,MA,01546,US
,5803,,,,,,12.0,Bank 6,Amazon,TBA319359245178_,Delivered,,,2/13/25 13:00,,,2/18/25 20:11,,,,,
,5089,,,,,,44.0,Bank 4,FedEx,522379101992_,Delivered,,,2/18/25 12:23,,,2/18/25 20:05,,Memphis,TN,,US
,5588,,,USPS,,,49.0,Bank 3,USPS,9400136208271330509128_,Delivered,,,2/18/25 9:50,,,2/18/25 20:04,,Clermont,FL,34715,US
,5256,,,,,,62.0,Bank 2,Amazon,TBA319324432509_,Delivered,,,2/14/25 12:39,,,2/18/25 19:59,,,,,
,1875,,,,,,16.0,Bank 4,UPS,1Z0E96840178424004_,Delivered,,,2/18/25 11:36,,,2/18/25 19:28,,Ardsley,NY,10502,US
,4027,,,Home,,,78.0,Bank 8,USPS,9534613174075044687587_,Delivered,,,2/18/25 9:23,,,2/18/25 19:10,,Newtonville,MA,02460,US
,3478,,,USPS,,,47.0,Bank 7,USPS,9300189821800309753853_,Delivered,,,2/18/25 9:37,,,2/18/25 19:03,,Bellmawr,NJ,08031,US
,3478,,,USPS,,,47.0,Bank 7,USPS,00009300189821800309753853_,Delivered,,,2/18/25 9:37,,,2/18/25 19:03,,,,,US
,2297,,,,,,24.0,Bank 4,UPS,1Z2EF254YW06986461_,Delivered,,,2/18/25 11:40,,,2/18/25 18:59,,Walton,KY,41094,US
,4452,,,,,,19.0,Bank 8,USPS,9261290275213622558722_,Delivered,,,2/17/25 12:45,,,2/18/25 18:46,,,,,US
,6657,,,USPS,,,12.0,Bank 2,USPS,9261290278833973056646_,Delivered,,,2/18/25 10:21,,,2/18/25 18:40,,Shrewsbury,MA,01546,US
,G306,,,Ups,,,68.0,Bank 7,UPS,1ZY4015E0306219588_,Delivered,,,2/18/25 11:39,,,2/18/25 18:26,,Dayton,NJ,08810,US
,5738,,,Pk,,,76.0,Bank 6,USPS,9534613255385041249812_,Delivered,,,2/14/25 9:20,,,2/18/25 18:17,,Nokomis,FL,34275,US
,1252,,,USPS,,,39.0,Bank 8,USPS,92612903031384553010442096_,Delivered,,,2/18/25 9:14,,,2/18/25 18:16,,Shrewsbury,MA,01546,US
,2809,,,Home,,,56.0,Bank 7,USPS,9500115017325042579390_,Delivered,,,2/18/25 9:41,,,2/18/25 18:03,,Wayne,NJ,07470,US
,2809,,,USPS,,,25.0,Bank 2,USPS,9361289725244445429800_,Delivered,,,2/18/25 10:25,,,2/18/25 18:03,,Worcester,MA,01613,US
,1658,,,,,,88.0,Bank 6,Amazon,TBA319330655087_,Delivered,,,2/13/25 12:18,,,2/18/25 17:46,,,,,
,3359,,,Ups,,,77.0,Bank 5,UPS,1Z7759450300036246_,Delivered,,,2/18/25 11:14,,,2/18/25 17:32,,Mansfield,TX,76063,US
,1467,,,,,,13.0,Bank 8,DHL,9234249673_,Delivered,,,2/17/25 11:58,,,2/18/25 17:30,,,,,
,1440,,,,,,75.0,Bank 8,Amazon,TBA319469836074_,Delivered,,,2/18/25 11:59,,,2/18/25 17:16,,,,,
,5996,,,Jacky,,,29.0,Bank 5,USPS,9405536102272890429963_,Delivered,,,2/18/25 9:26,,,2/18/25 17:15,,Forest Park,IL,60130,US
,1751,,,Switi,,,87.0,Bank 5,USPS,22479434608105463406714304_,Delivered,,,2/18/25 9:48,,,2/18/25 17:11,,,,,US
,1751,,,USPS,,,68.0,Bank 2,USPS,92001902410401237680026832_,Delivered,,,2/18/25 10:28,,,2/18/25 17:11,,Flushing,NY,11351,US
,4065,,,Tiktok,,,16.0,Bank 5,USPS,9200190372820000374894_,Delivered,,,2/18/25 9:10,,,2/18/25 17:06,,Mira Loma,CA,91752,US
,2935,,,USPS,,,32.0,Bank 2,USPS,9400136208070413338699_,Delivered,,,2/18/25 10:27,,,2/18/25 16:58,,San Diego,CA,92199,US
,6136,,,Amazon,,,40.0,Bank 2,Amazon,TBA319342591324_,Delivered,,,2/13/25 11:42,,,2/18/25 16:56,,,,,
,5446,,,,,,6.0,Bank 7,USPS,9241990217524436412126_,Delivered,,,2/18/25 10:22,,,2/18/25 16:54,,Shrewsbury,MA,01546,US
,5446,,,Booksrun,,,48.0,Bank 7,USPS,9241990318402217079080_,Delivered,,,2/18/25 10:21,,,2/18/25 16:54,,Shrewsbury,MA,01546,US
,5446,,,USPS,,,48.0,Bank 7,USPS,9241990318413642781349_,Delivered,,,2/18/25 10:21,,,2/18/25 16:54,,Shrewsbury,MA,01546,US
,5446,,,,,,48.0,Bank 7,USPS,22479449008105462469122798_,Delivered,,,2/18/25 10:21,,,2/18/25 16:54,,,,,US
,3929,,,,,,15.0,Bank 8,FedEx,285470670851_,Delivered,,,2/18/25 11:56,,,2/18/25 16:54,,,,,
,5446,,,USPS,,,3.0,Bank 2,USPS,9241990217524436846235_,Delivered,,,2/18/25 10:08,,,2/18/25 16:54,,Shrewsbury,MA,01546,US
,5446,,,Ebay,,,81.0,Bank 5,USPS,22479449008105462474427918_,Delivered,,,2/18/25 9:46,,,2/18/25 16:53,,,,,US
,5446,,,Rush,,,81.0,Bank 5,USPS,9241990113930829648136_,Delivered,,,2/18/25 9:51,,,2/18/25 16:53,,Columbus,OH,43212,US
,5446,,,Kelly,,,81.0,Bank 5,USPS,22479449008105463435264481_,Delivered,,,2/18/25 9:38,,,2/18/25 16:53,,,,,US
,5881,,,USPS,,,55.0,Bank 2,USPS,9400136202436275146180_,Delivered,,,2/18/25 10:10,,,2/18/25 16:53,,San Jose,CA,95110,US
,4902,,,Home,,,16.0,Bank 8,USPS,22479405530109355101933174_,Delivered,,,2/18/25 9:09,,,2/18/25 16:50,,,,,US
,3551,,,USPS,,,6.0,Bank 8,USPS,9534612105365045870501_,Delivered,,,2/18/25 9:28,,,2/18/25 16:46,,Rockland,MA,02370,US
,3551,,,Home,,,6.0,Bank 8,USPS,9534613170415046964363_,Delivered,,,2/18/25 9:08,,,2/18/25 16:46,,Whitman,MA,02382,US
,1600,,,USPS,,,4.0,Bank 1,USPS,9200190378877014226347_,Delivered,,,2/18/25 10:14,,,2/18/25 16:43,,Columbus,NJ,08022,US
,4741,,,,,,48.0,Bank 8,Lasership,1LSCXH300757833_,Delivered,,,2/18/25 14:23,,,2/18/25 16:32,,,,,
,3811,,,,,,54.0,Bank 6,Amazon,TBA319443464349_,Delivered,,,2/18/25 12:22,,,2/18/25 16:30,,,,,
,7003,,,Ups,,,72.0,Bank 5,UPS,1ZK100A4YW48634579_,Delivered,,,2/18/25 11:10,,,2/18/25 16:25,,Bellevue,WA,98004,US
,3414,,,USPS,,,18.0,Bank 1,USPS,9361289725244260500029_,Delivered,,,2/18/25 10:22,,,2/18/25 16:25,,Worcester,MA,01613,US
,5009,,,Opsin,,,42.0,Bank 8,USPS,9200190237568629093922_,Delivered,,,2/18/25 9:19,,,2/18/25 16:23,,Burlington,WI,53105,US
,5335,,,USPS,,,27.0,Bank 8,USPS,92001903478422300138976897_,Delivered,,,2/18/25 9:12,,,2/18/25 16:11,,Gainesville,FL,32601-5111,US
,1990,,,Ups,,,69.0,Bank 7,UPS,1ZJ22G980325395820_,Delivered,,,2/18/25 11:43,,,2/18/25 16:10,,Thornton,CO,80023,US
,1992,,,,,,35.0,Bank 8,OnTrac,D10016105000377_,Delivered,,,2/18/25 14:21,,,2/18/25 16:04,,,,,
,4910,,,Ups,,,21.0,Bank 7,UPS,1Z478A3Y0239263290_,Delivered,,,2/5/25 10:42,,,2/18/25 16:03,,Verona,WI,53593,US
,4980,,,Shein,,,10.0,Bank 6,OnTrac,C25020306763447_,Delivered,,,2/17/25 9:02,,,2/18/25 16:01,,,,,
,4980,,,Shein,,,10.0,Bank 6,Purolator,021000000151_,Delivered,,,2/17/25 9:02,,,2/18/25 16:01,,,,,
,4479,,,,,,80.0,Bank 8,UPS,1ZB3476J0313106925_,Delivered,,,2/18/25 11:28,,,2/18/25 16:01,,Davenport,IA,52806,US
,1049,,,USPS,,,26.0,Bank 1,USPS,9261290357450803064075_,Delivered,,,2/18/25 10:25,,,2/18/25 15:59,,Shrewsbury,MA,01546,US
,6642,,,,,,15.0,Bank 5,UPS,1Z1V4V820329816750_,Delivered,,,2/14/25 10:40,,,2/18/25 15:58,,Royal Oak,MI,48073,US
,4787,,,Home,Rack 1,Rack 1,,,UPS,1Z022E180379201994_,Delivered,,2/13/25 10:43,,,,2/18/25 15:57,,Atascadero,CA,93422,US
,6642,,,Ups,,,87.0,Bank 8,UPS,1Z05RR380330769918_,Delivered,,,2/18/25 11:17,,,2/18/25 15:57,,Burnsville,MN,55306,US
,3835,,,Alltrade,,,62.0,Bank 5,USPS,22479400108105463430388272_,Delivered,,,2/18/25 9:45,,,2/18/25 15:56,,,,,US
,5732,,,,,,53.0,Bank 7,Amazon,TBA319462567756_,Delivered,,,2/18/25 12:15,,,2/18/25 15:54,,,,,
,4202,,,,,,85.0,Bank 8,Lasership,1LS722780497405_,Delivered,,,2/18/25 14:24,,,2/18/25 15:54,,,,,
,6478,,,Duggan,,,7.0,Bank 5,USPS,9534614149075046963420_,Delivered,,,2/18/25 9:10,,,2/18/25 15:52,,Havertown,PA,19083,US
,1165,,,,,,43.0,Bank 7,Amazon,TBA319462345763_,Delivered,,,2/18/25 12:10,,,2/18/25 15:50,,,,,
,6716,,,USPS,,,33.0,Bank 8,USPS,22479434608105463440534197_,Delivered,,,2/18/25 9:13,,,2/18/25 15:49,,,,,US
,5118,,,Ups,,,82.0,Bank 8,UPS,1Z6W2Y920301871188_,Delivered,,,2/18/25 11:18,,,2/18/25 15:48,,Placerville,CA,95667,US
,6552,,,,,,43.0,Bank 6,USPS,9488809000276106857602_,Delivered,,,2/18/25 11:19,,,2/18/25 15:44,,,,,US
,8327,,,Ups,,,44.0,Bank 5,UPS,1Z0100830327922374_,Delivered,,,2/18/25 11:09,,,2/18/25 15:40,,Robbinsville,NJ,08691,US
,2447,,,USPS,,,46.0,Bank 8,UPS,1ZY38R94P297490330_,Delivered,,,2/14/25 10:40,,,2/18/25 15:31,,Charlotte,NC,28269,US
,6974,,,Ups,,,74.0,Bank 7,UPS,1Z3YF3410306407632_,Delivered,,,2/18/25 11:42,,,2/18/25 15:28,,Merrimack,NH,03054,US
,6254,,,,,,59.0,Bank 8,Lasership,1LSCXON004OEB3O_,Delivered,,,2/18/25 14:25,,,2/18/25 15:27,,,,,
,6560,,,,,,55.0,Bank 7,Amazon,TBA319456354803_,Delivered,,,2/18/25 12:16,,,2/18/25 15:26,,,,,
,6928,,,,,,41.0,Bank 8,FedEx,285513734039_,Delivered,,,2/18/25 11:58,,,2/18/25 15:23,,Boylston,MA,,US
,ME S/R,,,Bostontec,,,,,UPS,1ZE471180355420332_,Routed,,2/18/25 15:22,,,,2/18/25 15:21,,Midland,MI,48642,US
,3726,,,Ups,Rack 1,Rack 1,,,UPS,1Z963AA76792262374_,Delivered,,2/18/25 11:15,,,,2/18/25 15:21,,Tokyo,,15000,JP
,1256,,,Russo,,,51.0,Bank 5,USPS,9500112107775045958479_,Delivered,,,2/18/25 9:41,,,2/18/25 15:21,,Orange,CT,06477,US
,2925,,,,,,11.0,Bank 4,UPS,1Z4840V90393427312_,Delivered,,,2/18/25 11:43,,,2/18/25 15:21,,Oak Creek,WI,53154,US
,2191,,,Johnson,Shipping damage,Shipping damage,22.0,Bank 5,USPS,9505514715575045995845_,Delivered,,,2/18/25 9:16,,,2/18/25 15:20,,Seattle,WA,98198,US
,5807,,,Glam,,,38.0,Bank 5,USPS,9261290326110113592810_,Delivered,,,2/18/25 9:39,,,2/18/25 15:19,,Shrewsbury,MA,01546,US
,HUMANITIES & ARTS,,,Ups,,,54.0,Bank 8,UPS,1ZXX34040310823899_,Delivered,,2/18/25 12:07,2/18/25 11:36,,,2/18/25 15:16,,Gordonsville,VA,22942,US
,7009,,,,,,65.0,Bank 3,Amazon,TBA319274952248_,Delivered,,,2/10/25 12:20,,,2/18/25 15:16,,,,,
,8327,,,,,,20.0,Bank 6,Amazon,TBA319399583771_,Delivered,,,2/18/25 12:19,,,2/18/25 15:15,,,,,
,8327,,,,,,20.0,Bank 6,Amazon,TBA319399568830_,Delivered,,,2/18/25 12:18,,,2/18/25 15:15,,,,,
,6798,,,,,,1.0,Bank 6,UPS,1Z2RV5380397860689_,Delivered,,,2/18/25 11:16,,,2/18/25 15:14,,Mattapoisett,MA,02739,US
,CDC,,,Essilor Luxottica,,,,,UPS,1Z8FF3450293474957_,Delivered,,2/18/25 11:11,,,,2/18/25 15:14,,Mason,OH,45040,US
,CDC,,,Essilor Luxottica,,,,,UPS,1Z8FF3450290922567_,Delivered,,2/18/25 11:11,,,,2/18/25 15:14,,Mason,OH,45040,US
,2657,,,,,,1.0,Bank 5,UPS,1ZH922680337086144_,Delivered,,,2/14/25 10:46,,,2/18/25 15:14,,Pico Rivera,CA,90660,US
,3999,,,,,,36.0,Bank 7,FedEx,285491400192_,Delivered,,,2/18/25 12:09,,,2/18/25 15:08,,Long Island City,NY,,US
,3562,,,iFixit,,,74.0,Bank 8,USPS,9400111899560920577450_,Delivered,,,2/18/25 9:20,,,2/18/25 15:08,,San Luis Obispo,CA,93401,US
,6695,,,USPS,,,69.0,Bank 8,UPS,1Z14WW640303973641_,Delivered,,,2/14/25 10:53,,,2/18/25 15:08,,Clayton,IN,46118,US
,3562,,,USPS,,,69.0,Bank 2,USPS,9405511206211793741521_,Delivered,,,2/18/25 10:29,,,2/18/25 15:08,,Portland,OR,97220,US
,2569,,,White,,,2.0,Bank 5,USPS,9405536208070315033374_,Delivered,,,2/18/25 9:11,,,2/18/25 15:06,,Apo,AE,09142,US
,2123,,,,,,22.0,Bank 4,UPS,1Z443766YW61520093_,Delivered,,,2/18/25 11:38,,,2/18/25 15:06,,Springfield Gardens,NY,11413,US
,RRC Sagamore Rd ,,,Cutom,,,,,UPS,1ZA03R690306210903_,Delivered,,2/18/25 10:42,,,,2/18/25 15:03,,Mc Lean,VA,22102,US
,5887,,,Suitcase,Rack 2,Rack 2,,,Lasership,1LSCXO0J007758388_,Delivered,,2/18/25 14:21,,,,2/18/25 15:01,,,,,
,2421,,,,,,17.0,Bank 8,OnTrac,D10016104184312_,Delivered,,,2/18/25 14:24,,,2/18/25 14:59,,,,,
,5551,,,Nathan,,,68.0,Bank 5,USPS,9400140106029003056741_,Delivered,,,2/18/25 9:48,,,2/18/25 14:58,,Shingle Springs,CA,95682,US
,4213,,,,,,27.0,Bank 6,Amazon,TBA319464971648_,Delivered,,,2/18/25 12:20,,,2/18/25 14:55,,,,,
,5973,,,,,,70.0,Bank 2,Parcelforce,LY633148782DE_,Delivered,,,2/18/25 10:30,,,2/18/25 14:54,,,,,
,5784,,,,,,77.0,Bank 7,Amazon,TBA319456598000_,Delivered,,,2/18/25 12:03,,,2/18/25 14:54,,,,,
,6699,,, Amazon,,,6.0,Bank 5,USPS,9361289725244412093188_,Delivered,,,2/18/25 9:09,,,2/18/25 14:54,,Worcester,MA,01613,US
,5784,,,,,,32.0,Bank 4,UPS,1Z08YY74YW23680990_,Delivered,,,2/18/25 11:41,,,2/18/25 14:54,,Rialto,CA,92377,US
,3784,,,,,,11.0,Bank 6,Amazon,TBA319454615475_,Delivered,,,2/18/25 12:17,,,2/18/25 14:53,,,,,
,5917,,,,,,22.0,Bank 6,UPS,1ZY8F920YW44376726_,Delivered,,,2/18/25 11:13,,,2/18/25 14:53,,Schenectady,NY,12304,US
,5917,,,USPS,,,41.0,Bank 1,USPS,9400111899560537375357_,Delivered,,,2/18/25 10:29,,,2/18/25 14:53,,Flushing,NY,11351,US
,4184,,,Sweetwater,,,60.0,Bank 8,USPS,9400140105459001562523_,Delivered,,,2/18/25 9:20,,,2/18/25 14:52,,Fort Wayne,IN,46818,US
,3728,,,Starratt,,,37.0,Bank 5,USPS,22479400108105463426604898_,Delivered,,,2/18/25 9:39,,,2/18/25 14:50,,,,,US
,1004,,,USPS,,,62.0,Bank 1,USPS,92419902118773583008001039_,Delivered,,,2/18/25 10:17,,,2/18/25 14:50,,Springfield,MA,01152,US
,3202,,,Ups,,,40.0,Bank 7,UPS,1ZV38J030327791141_,Delivered,,,2/18/25 11:40,,,2/18/25 14:50,,Bolton,MA,01740,US
,3034,,,USPS,,,31.0,Bank 8,USPS,9200190358878611679846_,Delivered,,,2/18/25 9:11,,,2/18/25 14:50,,Jamaica,NY,11434,US
,3728,,,Salvation Army,,,4.0,Bank 3,USPS,9434636208271305441417_,Delivered,,,2/18/25 9:51,,,2/18/25 14:49,,Detroit,MI,48216,US
,6541,,,,,,11.0,Bank 8,Lasership,1LSCYG5004NRE92_,Delivered,,,2/18/25 14:23,,,2/18/25 14:49,,,,,
,5042,,,DesignerGreek,,,10.0,Bank 7,USPS,9434611206211796904915_,Delivered,,,2/18/25 9:36,,,2/18/25 14:49,,Round Rock,TX,78665,US
,5159,,,,,,33.0,Bank 7,USPS,22479261290371246461165250_,Delivered,,,2/18/25 10:24,,,2/18/25 14:42,,,,,US
,4337,,,Kate Ct,Rack 1,Rack 1,,,USPS,9534616308725045366597_,Delivered,,2/18/25 9:22,,,,2/18/25 14:42,,East Quogue,NY,11942,US
,1184,,,Ups,,,49.0,Bank 8,USPS,92612903097254541416531403_,Delivered,,,2/18/25 11:34,,,2/18/25 14:41,,,,,US
,3792,,,,,,37.0,Bank 8,FedEx,444133993588_,Delivered,,,2/17/25 12:54,,,2/18/25 14:41,,Saint Louis,MO,,US
,4377,,,Pk,,,47.0,Bank 8,USPS,9400111699015416422759_,Delivered,,,2/14/25 9:03,,,2/18/25 14:32,,Sun Valley,CA,91352,US
,5562,,,USPS,,,47.0,Bank 2,USPS,9261290278833972322346_,Delivered,,,2/18/25 10:03,,,2/18/25 14:31,,Shrewsbury,MA,01546,US
,4490,,,Tnt,,,64.0,Bank 1,TNT,4200160992411202881710072411_,Delivered,,,2/18/25 10:24,,,2/18/25 14:30,,,,,
, RRC (Shaver),,,Swerve Drive,,,,,USPS,9334610597204031111639_,Delivered,,2/18/25 9:43,,,,2/18/25 14:26,,Everett,WA,98204,US
,RRC Sagamore Rd ,,,Custom Ink,,,,,UPS,1ZA03R690313808666_,Delivered,,2/18/25 10:35,,,,2/18/25 14:26,,Mc Lean,VA,22102,US
,RRC Sagamore Rd ,,,Custob Ink,,,,,UPS,1ZA03R690324908608_,Delivered,,2/18/25 10:39,,,,2/18/25 14:26,,Mc Lean,VA,22102,US
,RRC Sagamore Rd ,,,Custob Ink,,,,,UPS,1ZA03R690324009375_,Delivered,,2/18/25 10:39,,,,2/18/25 14:26,,Mc Lean,VA,22102,US
, RRC (Shaver),,,Blazing Trade ,,,,,USPS,9300120111412356855591_,Delivered,,2/18/25 10:45,,,,2/18/25 14:26,,Simi Valley,CA,93065,US
,RRC Sagamore Rd ,,,Plummer Indutries,,,,,UPS,1ZH8238V0308455977_,Delivered,,2/18/25 10:51,,,,2/18/25 14:26,,Pasadena,MD,21122,US
,4145,,,,,,26.0,Bank 8,Lasership,1LSCYHI004O3R04_,Stored,,,2/18/25 14:24,,,,,,,,
,HONEYWELL,,,,,,,,Lasership,1LSCZM3004MUBFT_,Routed,,2/18/25 14:24,,,,,,,,,
,8986,,,Felix,,,83.0,Bank 5,USPS,LM208302395CA_,Delivered,,,2/18/25 9:44,,,2/18/25 14:24,,Vancouver,,,US
,1592,,,,,,58.0,Bank 8,Lasership,1LSCZQS004NUILN_,Stored,,,2/18/25 14:24,,,,,,,,
,6425,,,,,,45.0,Bank 8,OnTrac,C12201710863538_,Stored,,,2/18/25 14:23,,,,,,,,
,,,,,,,,,UPS,1ZB831B80330278951_,Delivered,,,,,,2/18/25 14:22,,Mims,FL,32754,US
,5712,,,,,,2.0,Bank 8,Lasership,1LSCYM1004NV7HO_,Stored,,,2/18/25 14:21,,,,,,,,
,Physics,,,Choczero,,,,,USPS,9361289768744058056981_,Delivered,,2/18/25 9:22,,,,2/18/25 14:17,,Worcester,MA,01613,US
,Pera,,,Natl Fastpitch,,,,,USPS,9405540105156001579713_,Delivered,,2/18/25 9:43,,,,2/18/25 14:17,,Louisville,KY,40206,US
,PHYSICS,,,Amazon,,,,,Amazon,TBA319461067628_,Delivered,,2/18/25 11:43,,,,2/18/25 14:17,,,,,
,,,,,,,,,USPS,14200160919361289768744058056981_,Delivered,,,,,,2/18/25 14:17,,,,,US
,5640,,,Zamora,,,80.0,Bank 5,USPS,9505516319835042634197_,Delivered,,,2/18/25 9:36,,,2/18/25 14:12,,San Antonio,TX,78259,US
,,,,Built Brands,,,,,USPS,9434636206249290967467_,Delivered,,2/18/25 9:23,,,,2/18/25 14:10,,American Fork,UT,84003,US
,Admissions Office,,,Crown,,,,,UPS,1ZB36V650341870474_,Delivered,,2/18/25 10:36,,,,2/18/25 14:10,,Northborough,MA,01532,US
,5601,,,USPS,,,10.0,Bank 1,USPS,22479261290371246461021716_,Delivered,,,2/18/25 10:15,,,2/18/25 14:10,,,,,US
,5601,,, Amazon,Rack 1,Rack 1,,,Amazon,TBA319150448550_,Delivered,,2/6/25 11:53,,,,2/18/25 14:09,,,,,
,4717,,,,,,21.0,Bank 2,Amazon,TBA319313154694_,Delivered,,,2/11/25 11:50,,,2/18/25 14:08,,,,,
,Health Services,,,Global,,,,,UPS,1ZE937H50334830438_,Delivered,,2/18/25 10:26,,,,2/18/25 14:08,,Boston,MA,02210,US
,Health Services,,,Mckesson,,,,,UPS,1Z88W8R40362088152_,Delivered,,2/18/25 10:28,,,,2/18/25 14:08,,Bethlehem,PA,18015,US
,Health Services,,,Mckesson,,,,,UPS,1Z1X47690389430505_,Delivered,,2/18/25 10:31,,,,2/18/25 14:08,,Northborough,MA,01532,US
,Health Services,,,Fedex,,,,,FedEx,426269353192_,Delivered,,2/18/25 11:51,,,,2/18/25 14:08,,Cincinnati,OH,,US
,,,,Shoplet,,,,,UPS,1ZX844560352512300_,Delivered,,2/18/25 10:29,,,,2/18/25 14:07,,West Coxsackie,NY,12192,US
,BIOLOGY & BIOTECHNOLOGY,,,Vwr,,,,,Custom Item,6102074810_,Delivered,,2/18/25 7:35,,,,2/18/25 14:05,,,,,
,BIOLOGY & BIOTECHNOLOGY,,,Vwr,,,,,Custom Item,6102073621_,Delivered,,2/18/25 7:35,,,,2/18/25 14:05,,,,,
,BIOLOGY & BIOTECHNOLOGY,,,Vwr,,,,,DHL,6102073622_,Delivered,,2/18/25 7:35,,,,2/18/25 14:05,,,,,
,BIOLOGY & BIOTECHNOLOGY,,,Vwr,,,,,Custom Item,6102074290_,Delivered,,2/18/25 7:35,,,,2/18/25 14:05,,,,,
,CHEMISTRY & BIOCHEMISTRY,,, Amazon,,,,,USPS,9361289725244404245397_,Delivered,,2/18/25 9:55,,,,2/18/25 14:05,,Worcester,MA,01613,US
,CHEMICAL ENGINEERING,,,Aurora Biolabs,,,,,FedEx,772134758380_,Delivered,,2/18/25 10:16,,,,2/18/25 14:05,,San Diego,CA,,US
,CHEMISTRY & BIOCHEMISTRY,,,Globe,,,,,UPS,1Z0556410317093238_,Delivered,,2/18/25 10:25,,,,2/18/25 14:05,,Mahwah,NJ,07430,US
,CHEMISTRY & BIOCHEMISTRY,,,Vwr,,,,,UPS,1Z3207860338856966_,Delivered,,2/18/25 10:30,,,,2/18/25 14:05,,Suwanee,GA,30024,US
,BIOLOGY & BIOTECHNOLOGY,,,Ne Bio,,,,,UPS,1Z0355E20196599273_,Delivered,,2/18/25 10:31,,,,2/18/25 14:05,,Ipswich,MA,01938,US
,Civil,,,Beantown,,,,,UPS,1ZE381890359712422_,Delivered,,2/18/25 10:33,,,,2/18/25 14:05,,Hudson,NH,03051,US
,4312,,,,,,6.0,Bank 4,UPS,1Z1F94E3YW41654248_,Delivered,,,2/18/25 11:42,,,2/18/25 14:04,,Allentown,PA,18104,US
,4312,,,,,,6.0,Bank 4,UPS,1ZH93A820250104037_,Delivered,,,2/18/25 11:33,,,2/18/25 14:04,,Forney,TX,75126,US
,6550,,,,,,26.0,Bank 4,UPS,1ZB36G500369370481_,Delivered,,,2/18/25 11:40,,,2/18/25 14:03,,Bethlehem,PA,18015,US
,6399,,,USPS,,,49.0,Bank 1,USPS,9400111298194852792819_,Delivered,,,2/18/25 10:05,,,2/18/25 14:00,,Deer Park,NY,11729,US
,5460,,,USPS,,,59.0,Bank 8,USPS,9534612771675044431977_,Delivered,,,2/18/25 9:24,,,2/18/25 14:00,,Gambier,OH,43022,US
,RESIDENTIAL SERVICES,,,Lr,,,,,UPS,1Z0V069A0319991471_,Delivered,,2/18/25 10:46,,,,2/18/25 14:00,,Romeoville,IL,60446,US
,RESIDENTIAL SERVICES,,, Amazon,,,,,USPS,9488809000276106901589_,Delivered,,2/18/25 11:44,,,,2/18/25 14:00,,,,,US
,RESIDENTIAL SERVICES,,,Chwey,,,,,FedEx,444450317488_,Delivered,,2/18/25 11:49,,,,2/18/25 14:00,,Pittston,PA,,US
,2379,,,,,,56.0,Bank 8,FedEx,772047933779_,Delivered,,,2/17/25 12:44,,,2/18/25 13:59,,Vienna,VA,,US
,6191,,,Bambbu,Rack 1,Rack 1,,,UPS,1Z4400560391337660_,Delivered,,2/18/25 11:12,,,,2/18/25 13:57,,Perth Amboy,NJ,08861,US
,6191,,,Bambu,Rack 2,Rack 2,,,FedEx,772107138697_,Delivered,,2/18/25 12:12,,,,2/18/25 13:57,,Trenton,NJ,,US
,5662,,,USPS,,,52.0,Bank 1,USPS,LA539206874CA_,Delivered,,,2/18/25 10:09,,,2/18/25 13:56,,Toronto-A,,,US
,5214,,,,,,36.0,Bank 6,UPS,1Z109T8TYW43826364_,Delivered,,,2/18/25 11:17,,,2/18/25 13:55,,Millbury,MA,01527,US
,5844,,,,,,48.0,Bank 8,UPS,1ZK8R1500209664468_,Delivered,,,2/18/25 11:27,,,2/18/25 13:54,,Commack,NY,11725,US
,2758,,,,,,48.0,Bank 6,USPS,9488809000276106857596_,Delivered,,,2/18/25 12:41,,,2/18/25 13:54,,,,,US
,4837,,,,,,29.0,Bank 7,Amazon,TBA319463007801_,Delivered,,,2/18/25 12:05,,,2/18/25 13:54,,,,,
,3231,,,Ups,,,71.0,Bank 5,USPS,92612999944007581421117672_,Delivered,,,2/18/25 11:10,,,2/18/25 13:54,,,,,US
,5828,,,,,,25.0,Bank 7,USPS,9261290318409604848798_,Delivered,,,2/18/25 10:16,,,2/18/25 13:53,,Shrewsbury,MA,01546,US
,3496,,,,,,17.0,Bank 7,Amazon,TBA319470934575_,Delivered,,,2/18/25 12:16,,,2/18/25 13:52,,,,,
,3410,,,Fierio,Rack 1,Rack 1,,,UPS,1Z12625E0393198153_,Delivered,,2/18/25 11:07,,,,2/18/25 13:52,,Manchester,CT,06042,US
,5837,,,Ups,,,17.0,Bank 8,UPS,1ZV9320VYW45682586_,Delivered,,,2/18/25 11:33,,,2/18/25 13:49,,La Vergne,TN,37086,US
,1513,,, Amazon,,,30.0,Bank 6,Amazon,TBA319382127243_,Delivered,,,2/14/25 12:33,,,2/18/25 13:49,,,,,
,CIVIL & ENVIRONMENTAL ENGINEERING,,,Clauss Studios,,,,,USPS,9400111206206459981486_,Delivered,,2/18/25 9:43,,,,2/18/25 13:47,,Hesperia,CA,92345,US
,CIVIL & ENVIRONMENTAL ENGINEERING,,,Ups,,,,,UPS,1Z09V40Y0307750904_,Delivered,,2/18/25 10:45,,,,2/18/25 13:47,,Flowery Branch,GA,30542,US
,,,,,,,,,UPS,1Z4X98060392387291_,Delivered,,,,,,2/18/25 13:47,,Santa Ana,CA,92707,US
,2778,,,,,,2.0,Bank 6,USPS,9400136208070409360475_,Delivered,,,2/13/25 9:24,,,2/18/25 13:46,,Monmouth Beach,NJ,07750,US
,4702,,,USPS,,,53.0,Bank 1,USPS,9505515080204425113170_,Delivered,,,2/18/25 10:09,,,2/18/25 13:45,,Denver,CO,80266,US
,2093,,,,,,50.0,Bank 7,FedEx,285445498446_,Delivered,,,2/18/25 11:59,,,2/18/25 13:43,,,,,
,4364,,,,,,18.0,Bank 6,Amazon,TBA319415439261_,Delivered,,,2/18/25 12:21,,,2/18/25 13:43,,,,,
,4364,,,,,,18.0,Bank 6,Amazon,TBA319459011982_,Delivered,,,2/18/25 12:17,,,2/18/25 13:43,,,,,
,5391,,,,,,33.0,Bank 6,Amazon,TBA319472538023_,Stored,,,2/18/25 12:22,,,,,,,,
,4949,,,,,,51.0,Bank 6,Amazon,TBA319462945227_,Stored,,,2/18/25 12:21,,,,,,,,
,4603,,,,,,26.0,Bank 6,Amazon,TBA319464942682_,Stored,,,2/18/25 12:21,,,,,,,,
,4731,,,,,,50.0,Bank 6,Amazon,TBA319460659206_,Stored,,,2/18/25 12:20,,,,,,,,
,4603,,,,,,26.0,Bank 6,Amazon,TBA319462466571_,Stored,,,2/18/25 12:19,,,,,,,,
,2991,,,,,,25.0,Bank 6,Amazon,TBA319464584503_,Stored,,,2/18/25 12:18,,,,,,,,
,4492,,,,,,63.0,Bank 7,Amazon,TBA319464795060_,Stored,,,2/18/25 12:16,,,,,,,,
,5662,,,,,,7.0,Bank 7,FedEx,435013713760_,Stored,,,2/18/25 12:13,,,,,,,,
,4066,,,,,,1.0,Bank 4,FedEx,439595970315_,Stored,,,2/18/25 12:12,,,,,Groveport,OH,,US
,5423,,,,,,44.0,Bank 7,Amazon,TBA319462237276_,Stored,,,2/18/25 12:10,,,,,,,,
,6706,,,,,,78.0,Bank 7,Amazon,TBA319464639542_,Stored,,,2/18/25 12:08,,,,,,,,
,2022,,,,,,34.0,Bank 7,Amazon,TBA319460994634_,Stored,,,2/18/25 12:08,,,,,,,,
,3402,,,,,,31.0,Bank 7,FedEx,434669330180_,Stored,,,2/18/25 12:07,,,,,Conklin,NY,,US
,3366,,,,,,30.0,Bank 7,USPS,9261290986498160134006_,Stored,,,2/18/25 12:06,,,,,,,,US
,4157,,,,,,83.0,Bank 7,Amazon,TBA319464551597_,Stored,,,2/18/25 12:05,,,,,,,,
,5770,,,,,,51.0,Bank 7,Amazon,TBA319460651119_,Stored,,,2/18/25 12:02,,,,,,,,
,1592,,,,,,32.0,Bank 8,USPS,9261290980628033309330_,Stored,,,2/18/25 11:56,,,,,,,,US
,1018,,,,,,34.0,Bank 4,UPS,1ZR569370239499291_,Stored,,,2/18/25 11:46,,,,,Irving,TX,75063,US
,3696,,,Ups,,,27.0,Bank 7,UPS,1ZX320F41328363063_,Stored,,,2/18/25 11:39,,,,,Omaha,NE,68138,US
,5916,,,Ups,,,11.0,Bank 7,UPS,1Z24431Y0319099158_,Stored,,,2/18/25 11:37,,,,,Detroit,MI,48203,US
,4677,,,,,,17.0,Bank 4,UPS,1Z7V266F0393476124_,Stored,,,2/18/25 11:37,,,,,Kent,WA,98032,US
,3228,,,Pk,,,67.0,Bank 6,USPS,9400111206219545470283_,Stored,,,2/18/25 11:35,,,,,Skokie,IL,60077,US
,6671,,,Ups,,,50.0,Bank 8,UPS,1Z0V19E00348225235_,Stored,,,2/18/25 11:34,,,,,Manahawkin,NJ,08050,US
,6268,,,Ups,,,8.0,Bank 4,UPS,1Z49AA091288811111_,Stored,,,2/18/25 11:28,,,,,Tulsa,OK,74116,US
,5020,,,Ups,,,7.0,Bank 4,UPS,1Z0F48550313692244_,Stored,,,2/18/25 11:27,,,,,Charlotte,NC,28214,US
,5683,,,Ups,,,8.0,Bank 8,USPS,92612999952033581044137149_,Stored,,,2/18/25 11:25,,,,,,,,US
,5991,,,Ups,,,1.0,Bank 8,UPS,1ZY6805A0394798438_,Stored,,,2/18/25 11:23,,,,,Mountain View,CA,94040,US
,2291,,,,,,45.0,Bank 6,UPS,1Z9R33A40320148812_,Stored,,,2/18/25 11:20,,,,,Santa Ana,CA,92705,US
,4722,,,Ups,,,88.0,Bank 8,UPS,1ZA42Y430295471657_,Stored,,,2/18/25 11:18,,,,,Louisville,KY,40258,US
,5967,,,Ups,,,81.0,Bank 8,UPS,1ZKV77490318616280_,Stored,,,2/18/25 11:17,,,,,City Of Industry,CA,91745,US
,2533,,,Ups,,,79.0,Bank 8,UPS,1Z71EY050396783162_,Stored,,,2/18/25 11:16,,,,,Brooklyn,NY,11232,US
,5092,,,Ups,,,5.0,Bank 8,UPS,1Z0F57320316883102_,Stored,,,2/18/25 11:15,,,,,Goodyear,AZ,85338,US
,2872,,,,,,21.0,Bank 6,UPS,1Z5V61W0YW53399888_,Stored,,,2/18/25 11:13,,,,,Camp Hill,PA,17011,US
,5400,,,Ups,,,89.0,Bank 5,UPS,1Z0100830327926334_,Stored,,,2/18/25 11:12,,,,,Robbinsville,NJ,08691,US
,1046,,,Ups,,,76.0,Bank 5,UPS,1Z5F13W20332981543_,Stored,,,2/18/25 11:11,,,,,Moreland,GA,30259,US
,3402,,,Ups,,,82.0,Bank 5,UPS,1Z2V07890366049798_,Stored,,,2/18/25 11:11,,,,,Piscataway,NJ,08854,US
,3792,,,,,,15.0,Bank 6,UPS,1Z9234EW1315487614_,Stored,,,2/18/25 11:11,,,,,Rochester,NY,14653,US
,5976,,,Ups,,,11.0,Bank 5,UPS,1ZWC68570334331831_,Stored,,,2/18/25 11:08,,,,,Dunmore,PA,18512,US
,6533,,,,,,42.0,Bank 7,USPS,9488809000276106857619_,Stored,,,2/18/25 10:28,,,,,,,,US
,3376,,,,,,41.0,Bank 7,USPS,9361289725244398341679_,Stored,,,2/18/25 10:26,,,,,Worcester,MA,01613,US
,5780,,,USPS,,,25.0,Bank 1,USPS,92001903478422300134997049_,Stored,,,2/18/25 10:25,,,,,,,,US
,3563,,,,,,48.0,Bank 7,USPS,9261290318423101814193_,Stored,,,2/18/25 10:24,,,,,Shrewsbury,MA,01546,US
,6883,,,USPS,,,65.0,Bank 1,USPS,92144903627188220007858558_,Stored,,,2/18/25 10:24,,,,,Jamaica,NY,11430,US
,4652,,,USPS,,,20.0,Bank 1,USPS,9500114362335045749829_,Stored,,,2/18/25 10:23,,,,,Pelham,NH,03076,US
,3238,,,USPS,,,17.0,Bank 2,USPS,9500115989065046354491_,Stored,,,2/18/25 10:23,,,,,Vinalhaven,ME,04863,US
,1980,,,USPS,,,11.0,Bank 2,USPS,9261290278833973303566_,Stored,,,2/18/25 10:21,,,,,Shrewsbury,MA,01546,US
,6228,,,USPS,,,12.0,Bank 1,USPS,9261290278833972971919_,Stored,,,2/18/25 10:20,,,,,Shrewsbury,MA,01546,US
,5400,,,USPS,,,56.0,Bank 1,USPS,9400103699300067074033_,Stored,,,2/18/25 10:16,,,,,Minneapolis,MN,55431,US
,6792,,,USPS,,,9.0,Bank 1,USPS,9505514189265045752661_,Stored,,,2/18/25 10:14,,,,,Katonah,NY,10536,US
,5231,,,USPS,,,6.0,Bank 1,USPS,9405511206239204695126_,Stored,,,2/18/25 10:14,,,,,San Diego,CA,92121,US
,5001,,,USPS,,,56.0,Bank 2,USPS,9400111206206449922390_,Stored,,,2/18/25 10:12,,,,,Howell,NJ,07731,US
,1349,,,USPS,,,45.0,Bank 2,USPS,9400111899560921401204_,Stored,,,2/18/25 10:12,,,,,Monroe Township,NJ,08831,US
,5288,,,USPS,,,2.0,Bank 7,USPS,9361289725244375653887_,Stored,,,2/18/25 10:10,,,,,Worcester,MA,01613,US
,5253,,,USPS,,,4.0,Bank 2,USPS,92612903033819543475052652_,Stored,,,2/18/25 10:09,,,,,Shrewsbury,MA,01546,US
,2073,,,Card Kingdom,,,50.0,Bank 2,USPS,9400111206224426053141_,Stored,,,2/18/25 10:05,,,,,Monroe,WA,98272,US
,1435,,,USPS,,,48.0,Bank 1,USPS,9200190105190963188303_,Stored,,,2/18/25 10:04,,,,,Harrisburg,PA,17104,US
,2229,,,Greekgear,,,5.0,Bank 3,USPS,9434611206211702134733_,Stored,,,2/18/25 9:52,,,,,Belleville,IL,62220,US
,1204,,,Cube,,,17.0,Bank 6,USPS,9300110597204032653051_,Stored,,,2/18/25 9:50,,,,,Chandler,AZ,85224,US
,7011,,,Relz,,,4.0,Bank 6,USPS,92001903478422300138238582_,Stored,,,2/18/25 9:50,,,,,,,,US
,5409,,,Glick,,,88.0,Bank 5,USPS,9534612721685045809588_,Stored,,,2/18/25 9:49,,,,,Baltimore,MD,21209,US
,6071,,,USPS,,,49.0,Bank 7,USPS,9205590984172031102901_,Stored,,,2/18/25 9:46,,,,,Chelmsford,MA,01824,US
,1585,,,Shein,,,64.0,Bank 5,USPS,9261290339609015411595_,Stored,,,2/18/25 9:46,,,,,Shrewsbury,MA,01546,US
,1592,,,Center,,,63.0,Bank 5,USPS,9400111205538492477222_,Stored,,,2/18/25 9:46,,,,,Cranston,RI,02910,US
,7011,,,USPS,,,64.0,Bank 7,USPS,92001903478422300135458761_,Stored,,,2/18/25 9:45,,,,,,,,US
,5931,,, Amazon,,,86.0,Bank 5,USPS,9361289725244432916559_,Stored,,,2/18/25 9:44,,,,,Worcester,MA,01613,US
,7011,,,Izzy,,,45.0,Bank 5,USPS,92001903478422300135463796_,Stored,,,2/18/25 9:43,,,,,,,,US
,2980,,,Windsor,,,62.0,Bank 7,USPS,9400111105898824519763_,Stored,,,2/18/25 9:43,,,,,Santa Fe Springs,CA,90670,US
,1349,,,Macy,,,74.0,Bank 5,USPS,9200190118753491644136_,Stored,,,2/18/25 9:42,,,,,Martinsburg,WV,25403,US
,3729,,,Bigredbee,,,52.0,Bank 5,USPS,9405511206239208050921_,Stored,,,2/18/25 9:42,,,,,Lake Oswego,OR,97035,US
,6331,,,Sb,,,46.0,Bank 5,USPS,9400111105503473587680_,Stored,,,2/18/25 9:42,,,,,Elmwood Park,NJ,07407,US
,5719,,,Townsend,,,50.0,Bank 5,USPS,9505513360675044294608_,Stored,,,2/18/25 9:41,,,,,Laconia,NH,03246,US
,1476,,,Gap,,,27.0,Bank 5,USPS,92612999936556583037196184_,Stored,,,2/18/25 9:37,,,,,Shrewsbury,MA,01546,US
,2775,,,Visionworks,,,26.0,Bank 5,USPS,92001926729001077220112512_,Stored,,,2/18/25 9:37,,,,,Orlando,FL,32824,US
,5980,,,Legrande,,,73.0,Bank 5,USPS,9505511367775043181844_,Stored,,,2/18/25 9:36,,,,,Haleiwa,HI,96712,US
,5920,,,Manifestrx,,,20.0,Bank 5,USPS,92001903793557300000003538_,Stored,,,2/18/25 9:35,,,,,Greer,SC,29650,US
,2628,,,Yums,,,19.0,Bank 5,USPS,22479234690374346601660780_,Stored,,,2/18/25 9:34,,,,,,,,US
,5717,,,Yums,,,18.0,Bank 5,USPS,22479200190374346601174070_,Stored,,,2/18/25 9:31,,,,,,,,US
,4717,,,Formulate,,,86.0,Bank 8,USPS,9434636106092278459093_,Stored,,,2/18/25 9:30,,,,,Fenton,MO,63026,US
,7011,,,Tanner,,,45.0,Bank 5,USPS,92346903478422300037811536_,Stored,,,2/18/25 9:29,,,,,,,,US
,6264,,,Megan,,,43.0,Bank 5,USPS,9434611105503415791313_,Stored,,,2/18/25 9:28,,,,,Nashville,TN,37210,US
,5015,,,Walnut,,,36.0,Bank 5,USPS,9334620111450099130102_,Stored,,,2/18/25 9:28,,,,,Walnut,CA,91789,US
,6501,,,ROC1,,,84.0,Bank 8,USPS,9361289725244424299165_,Stored,,,2/18/25 9:26,,,,,Worcester,MA,01613,US
,3027,,,Stanton,,,31.0,Bank 5,USPS,9534616159965046411704_,Stored,,,2/18/25 9:26,,,,,Bridgeville,PA,15017,US
,5616,,,Home,,,77.0,Bank 8,USPS,9505513651415044473264_,Stored,,,2/18/25 9:23,,,,,Westport,CT,06880,US
,4881,,,Laura,,,23.0,Bank 5,USPS,9488809000276106857640_,Stored,,,2/18/25 9:17,,,,,,,,US
,5843,,,Breck,,,43.0,Bank 8,USPS,9488809000276106857657_,Stored,,,2/18/25 9:17,,,,,,,,US
,4694,,,Mom,,,8.0,Bank 5,USPS,9534613161665046371643_,Stored,,,2/18/25 9:14,,,,,Andover,NH,03216,US
,4677,,,USPS,,,25.0,Bank 8,USPS,9300120111412353969093_,Stored,,,2/18/25 9:12,,,,,Coppell,TX,75019,US
,5995,,,USPS,,,22.0,Bank 8,USPS,9434601699330006493845_,Stored,,,2/18/25 9:10,,,,,Sugar Land,TX,77498,US
,5020,,,USPD,,,10.0,Bank 8,USPS,22479214490342233005383656_,Stored,,,2/18/25 9:10,,,,,,,,US
,Robotics,,,Ups,,,,,UPS,1ZAC66040313352435_,Delivered,,2/18/25 10:43,,,,2/18/25 13:43,,Florence,NJ,08518,US
,Robotics,,,Ups,,,,,UPS,1Z9559370377655601_,Delivered,,2/18/25 10:43,,,,2/18/25 13:43,,Morgan Hill,CA,95037,US
,Robotics,,,Esu,,,,,FedEx,285404481110_,Delivered,,2/18/25 11:52,,,,2/18/25 13:43,,Mokena,IL,,US
,1326,,,,,,47.0,Bank 6,Amazon,TBA319471086729_,Delivered,,,2/18/25 12:17,,,2/18/25 13:43,,,,,
,BIOMEDICAL ENGINEERING,,,Orange Connex,,,,,USPS,92001902410401237130058994_,Delivered,,2/18/25 9:46,,,,2/18/25 13:42,,Flushing,NY,11351,US
,BIOMEDICAL ENGINEERING,,,Digi,,,,,UPS,1Z5674320224834787_,Delivered,,2/18/25 10:25,,,,2/18/25 13:42,,Thief River Falls,MN,56701,US
,4317,,,USPS,,,27.0,Bank 2,USPS,9334610597204043532897_,Delivered,,,2/18/25 10:25,,,2/18/25 13:42,,Saint Louis,MO,63102,US
,BIOMEDICAL ENGINEERING,,,Life,,,,,FedEx,444832268570_,Delivered,,2/18/25 11:48,,,,2/18/25 13:41,,Hagerstown,MD,,US
,BIOMEDICAL ENGINEERING,,,Rthermo,,,,,FedEx,444832256820_,Delivered,,2/18/25 11:49,,,,2/18/25 13:41,,Hagerstown,MD,,US
,4996,,,,,,9.0,Bank 8,Custom Item,701455b8-fdc4-486c-8c0d-51237a19b883_,Delivered,,,2/7/25 19:11,,,2/18/25 18:40,,,,,
,President's Office,,,Imcom Detroit,,,,,USPS,9234690220086374042771_,Delivered,,2/18/25 10:45,,,,2/18/25 13:38,,Warren,MI,48397,US
,Marketing and Communications,,,Bh,,,,,FedEx,442079865136_,Delivered,,2/18/25 11:47,,,,2/18/25 13:34,,Trenton,NJ,,US
,3913,,,,,,15.0,Bank 4,UPS,1Z02721A0316351187_,Delivered,,,2/18/25 11:39,,,2/18/25 13:30,,Millington,TN,38053,US
,6531,,,,,,55.0,Bank 6,Amazon,TBA319429353941_,Delivered,,,2/18/25 12:22,,,2/18/25 13:29,,,,,
,2061,,,,,,20.0,Bank 7,USPS,9234690355087920979249_,Delivered,,2/18/25 10:12,2/18/25 11:39,,,2/18/25 13:28,,Jamaica,NY,11434,US
,4174,,,,PERISHABLE! COME ASAP,PERISHABLE! COME ASAP,3.0,Bank 7,FedEx,433672670950_,Delivered,,,2/18/25 12:02,,,2/18/25 13:28,,,,,
,Career Development Center,,,Fed Ex,,,,,FedEx,285506208264_,Delivered,,2/18/25 12:16,,,,2/18/25 13:27,,Waukegan,IL,,US
,,,,,,,,,FedEx,285506212500_,Delivered,,,,,,2/18/25 13:27,,Waukegan,IL,,US
,4521,,,amazon,,,21.0,Bank 4,Amazon,TBA319340755195_,Delivered,,,2/12/25 13:05,,,2/18/25 13:25,,,,,
,3142,,,Fodzyme,,,5.0,Bank 7,USPS,9300110597204039981904_,Delivered,,,2/18/25 9:35,,,2/18/25 13:25,,Malden,MA,02148,US
,4521,,,Amazon,,,28.0,Bank 6,Amazon,TBA319311237243_,Delivered,,,2/13/25 14:41,,,2/18/25 13:25,,,,,
,1918,,,Thriftbooks,,,54.0,Bank 7,USPS,9241990288794603579756_,Delivered,,,2/18/25 9:40,,,2/18/25 13:24,,Shrewsbury,MA,01546,US
,6053,,,Amazon,,,51.0,Bank 8,Amazon,TBA319167514860_,Delivered,,,2/4/25 12:07,,,2/18/25 13:24,,,,,
,6053,,,,,,17.0,Bank 6,Amazon,TBA318941850098_,Delivered,,2/13/25 14:07,1/27/25 12:02,,,2/18/25 13:23,,,,,
,5570,,,Ups,,,7.0,Bank 8,UPS,1ZW8R8410345104068_,Delivered,,,2/18/25 11:24,,,2/18/25 13:23,,Dupont,WA,98327,US
,ARTS & SCI - ADMIN,,, Amazon,,,,,UPS,1ZG1937F0304072497_,Delivered,,2/18/25 10:41,,,,2/18/25 13:21,,Johnston,RI,02919,US
,HUA,,,Hal Leonard,,,,,Parcelforce,LA150054477NL_,Delivered,,2/18/25 9:46,,,,2/18/25 13:19,,,,,
,HUMANITIES & ARTS,,,,,,26.0,Bank 7,USPS,92001903470167300222100139_,Delivered,,2/18/25 11:37,2/18/25 10:17,,,2/18/25 13:19,,,,,US
,HUA,,,Jerico Turnpike,,,,,USPS,9300120111412364772514_,Delivered,,2/18/25 10:46,,,,2/18/25 13:19,,Mineola,NY,11501,US
,METAL PROCESSING INSTITUTE,,,Sigma,Goddard EHS,,,,FedEx,438633893653_,Delivered,,2/12/25 11:57,,,,2/18/25 13:19,,Northampton,PA,,US
,Manufacturing,,,Msc,,,,,UPS,1Z87V1190339651975_,Delivered,,2/18/25 10:45,,,,2/18/25 13:19,,Hartford,CT,06114,US
,METAL PROCESSING INSTITUTE,,,WB,,,,,FedEx,352553953921774_,Delivered,,2/18/25 11:07,,,,2/18/25 13:19,,,,,
,Manufacturing,,,Cole,,,,,FedEx,441626135759_,Delivered,,2/18/25 11:50,,,,2/18/25 13:19,,Grayslake,IL,,US
,Lab Manager MPI,,,Fedex,,,,,FedEx,285447730110_,Delivered,,2/18/25 11:56,,,,2/18/25 13:19,,Waukegan,IL,,US
,5657,,,,,,19.0,Bank 6,UPS,1ZJ223H11330585966_,Delivered,,,2/18/25 11:15,,,2/18/25 13:19,,New Orleans,LA,70121,US
,6649,,,USPS,,,35.0,Bank 8,USPS,ER134291441US_,Delivered,,,2/18/25 9:14,,,2/18/25 13:18,,Tennent,NJ,07763,US
,DIGS,,,Kleenex,,,,,UPS,1ZF5Y3330394948764_,Delivered,,2/18/25 10:32,,,,2/18/25 13:16,,Miami,FL,33126,US
,1613,,,Ups,Rack 1,Rack 1,,,UPS,1ZY267170325541861_,Delivered,,2/18/25 11:14,,,,2/18/25 13:16,,Dallas,TX,75244,US
,LIBRARY,,,Book,,,,,USPS,9488809000276299414446_,Delivered,,2/18/25 9:43,,,,2/18/25 13:15,,Wake Forest,NC,27587,US
,LIBRARY,,,Franklin Pierce,,,,,USPS,9488809000276144304601_,Delivered,,2/18/25 9:46,,,,2/18/25 13:15,,Rindge,NH,03461,US
,LIBRARY,,,Book,,,,,USPS,9114902200789647245141_,Delivered,,2/18/25 9:43,,,,2/18/25 13:15,,,,,US
,INFORMATION TECHNOLOGY,,,Dell,,,,,UPS,1Z7R88580351895293_,Delivered,,2/18/25 10:27,,,,2/18/25 13:11,,Middletown,PA,17057,US
,INFORMATION TECHNOLOGY,,,Comp,,,,,UPS,1Z5E5W924291951697_,Delivered,,2/18/25 10:30,,,,2/18/25 13:11,,Powhatan,VA,23139,US
,INFORMATION TECHNOLOGY,,,Dell,,,,,UPS,1Z7R88580351895195_,Delivered,,2/18/25 10:41,,,,2/18/25 13:11,,Middletown,PA,17057,US
,INFORMATION TECHNOLOGY,,,Dell,,,,,UPS,1Z42WA272943205243_,Delivered,,2/18/25 10:41,,,,2/18/25 13:11,,Houston,TX,77040,US
,INFORMATION TECHNOLOGY,,,Dell,,,,,FedEx,418444133328_,Delivered,,2/18/25 11:54,,,,2/18/25 13:11,,Newville,PA,,US
,INFORMATION TECHNOLOGY,,,Dell,,,,,FedEx,430308750599_,Delivered,,2/18/25 11:54,,,,2/18/25 13:11,,Chicago,IL,,US
,INFORMATION TECHNOLOGY,,,Dell,,,,,FedEx,430308750522_,Delivered,,2/18/25 11:54,,,,2/18/25 13:11,,Chicago,IL,,US
,INFORMATION TECHNOLOGY,,,Dell,,,,,FedEx,430308759530_,Delivered,,2/18/25 11:54,,,,2/18/25 13:11,,Chicago,IL,,US
,INFORMATION TECHNOLOGY,,,Dell,,,,,FedEx,430308727421_,Delivered,,2/18/25 11:54,,,,2/18/25 13:11,,Chicago,IL,,US
,6485,,,Gem,,,48.0,Bank 5,USPS,9300120111412357844631_,Delivered,,,2/18/25 9:39,,,2/18/25 13:10,,Cedar City,UT,84721,US
,COMPUTER SCIENCE,,, Amazon,,,,,UPS,1ZAC27840367261829_,Delivered,,2/18/25 10:42,,,,2/18/25 13:09,,Kansas City,KS,66102,US
,COMPUTER SCIENCE,,, Amazon,,,,,UPS,1Z6VV8620374833261_,Delivered,,2/18/25 10:42,,,,2/18/25 13:09,,Lawrenceville,GA,30043,US
,Computer Science,,,Ricko,,,,,UPS,1Z6VV8620375617332_,Delivered,,2/18/25 10:44,,,,2/18/25 13:09,,Lawrenceville,GA,30043,US
,COMPUTER SCIENCE,,,,,,,,Amazon,TBA319450560205_,Delivered,,2/18/25 12:24,,,,2/18/25 13:09,,,,,
,3934,,,USPS,,,51.0,Bank 1,USPS,9214490347125904236209_,Delivered,,,2/18/25 10:08,,,2/18/25 13:08,,Depew,NY,14043,US
,6041,,,China Post,,,47.0,Bank 1,Custom Item,LZ156413535CN_,Delivered,,,2/18/25 10:04,,,2/18/25 13:08,,,,,
,ACADEMIC TECHNOLOGY CENTER,,,Pc Con,,,,,UPS,1ZW69R180346341097_,Delivered,,2/18/25 10:48,,,,2/18/25 13:08,,Cranbury,NJ,08512,US
,5836,,,Shein,,,26.0,Bank 8,Speedx,SPX8YB056734797963_,Delivered,,,2/17/25 9:02,,,2/18/25 13:04,,,,,
,3401,,,Maribel Hernández Sojo,,,5.0,Bank 2,USPS,9500110336225046252459_,Delivered,,,2/18/25 10:17,,,2/18/25 13:03,,Guaynabo,PR,00969,US
,4230,,,,,,52.0,Bank 7,FedEx,436348271106_,Delivered,,,2/18/25 12:14,,,2/18/25 13:02,,Quincy,MA,,US
,2254,,,Lastmile,,,3.0,Bank 6,Purolator,021000000061_,Delivered,,,2/17/25 9:00,,,2/18/25 13:01,,,,,
,4797,,,,,,16.0,Bank 6,UPS,1Z6Y2A770389924006_,Delivered,,,2/18/25 11:11,,,2/18/25 13:01,,Freeport,ME,04034,US
,2086,,,Janssen,,,57.0,Bank 5,USPS,9505515900735045472972_,Delivered,,,2/18/25 9:30,,,2/18/25 13:01,,Redwood City,CA,94063,US
,,,, Amazon,,,,,Amazon,TBA319466573701_,Delivered,,2/18/25 11:42,,,,2/18/25 13:00,,,,,
,1241,,,Omni,,,,,UPS,1Z0X37V10317439446_,Delivered,,2/18/25 10:37,,,,2/18/25 13:00,,Penns Grove,NJ,08069,US
,AeroSpace,,,Apogee,,,,,USPS,9436236208235274434375_,Delivered,,2/18/25 9:41,,,,2/18/25 13:00,,Colorado Springs,CO,80918,US
,MECHANICAL ENGINEERING,,,Scratches Happen,,,,,USPS,9400111105503481515453_,Delivered,,2/18/25 9:43,,,,2/18/25 13:00,,Salt Lake City,UT,84123,US
,ME,,,USPS,,,40.0,Bank 7,USPS,9434911206211703533543_,Delivered,,2/18/25 11:37,2/18/25 10:26,,,2/18/25 13:00,,Stuart,FL,34997,US
,AERO,,,Online,,,,,UPS,1ZC6J5630311244035_,Delivered,,2/18/25 10:28,,,,2/18/25 13:00,,Houston,TX,77085,US
,AeroSpace,,,Mcmaster,,,,,UPS,1Z2003090120653770_,Delivered,,2/18/25 10:34,,,,2/18/25 13:00,,Chelmsford,MA,01824,US
,AeroSpace,,,Mcmaster,,,,,UPS,1Z2003090120653636_,Delivered,,2/18/25 10:36,,,,2/18/25 13:00,,Chelmsford,MA,01824,US
,AeroSpace,,,Mcmaster,,,,,UPS,1Z2003090120653627_,Delivered,,2/18/25 10:38,,,,2/18/25 13:00,,Chelmsford,MA,01824,US
,MECHANICAL ENGINEERING,,, Amazon,,,,,UPS,1Z6A3Y940306426631_,Delivered,,2/18/25 10:46,,,,2/18/25 13:00,,Dayton,OH,45449,US
,MECHANICAL ENGINEERING,,, Amazon,,,,,UPS,1ZX26F130353156251_,Delivered,,2/18/25 10:46,,,,2/18/25 13:00,,Pontiac,MI,48342,US
,MECHANICAL ENGINEERING,,, Amazon,,,,,UPS,1ZJ22G980325343064_,Delivered,,2/18/25 10:46,,,,2/18/25 13:00,,Thornton,CO,80023,US
,MECHANICAL ENGINEERING,,,8020,,,,,UPS,1Z9116X40313215912_,Delivered,,2/18/25 10:47,,,,2/18/25 13:00,,Columbia City,IN,46725,US
,6765,,,Ups,,,20.0,Bank 7,UPS,1ZAC27770339981706_,Delivered,,,2/18/25 11:38,,,2/18/25 12:58,,Salt Lake City,UT,84116,US
,5664,,,,,,15.0,Bank 7,Amazon,TBA319459923605_,Delivered,,,2/18/25 12:00,,,2/18/25 12:58,,,,,
,4903,,,,,,12.0,Bank 7,Amazon,TBA319436121176_,Delivered,,,2/18/25 12:02,,,2/18/25 12:57,,,,,
,5664,,,USPS,,,2.0,Bank 1,USPS,9300110597204038246219_,Delivered,,,2/18/25 10:04,,,2/18/25 12:56,,West Palm Beach,FL,33411,US
,6973,,,Amazon ,,,2.0,Bank 8,USPS,9361289725244357438563_,Delivered,,,2/18/25 9:09,,,2/18/25 12:56,,Worcester,MA,01613,US
,1785,,,,,,75.0,Bank 7,FedEx,285280189726_,Delivered,,,2/18/25 12:03,,,2/18/25 12:55,,,,,
,4956,,,Hed,,,59.0,Bank 5,USPS,9400111206239290955040_,Delivered,,,2/18/25 9:34,,,2/18/25 12:54,,Dallas,TX,75229,US
,6371,,,2XIST,,,4.0,Bank 7,USPS,9400111206211799800717_,Delivered,,,2/18/25 9:35,,,2/18/25 12:54,,Dayton,NJ,08810,US
,6715,,,,,,10.0,Bank 4,UPS,1Z0F57320316941030_,Delivered,,,2/18/25 11:34,,,2/18/25 12:53,,Goodyear,AZ,85338,US
,5930,,,,,,37.0,Bank 6,Amazon,TBA319464069631_,Delivered,,,2/18/25 12:23,,,2/18/25 12:53,,,,,
,6078,,,,,,12.0,Bank 4,UPS,1Z0F57320316807640_,Delivered,,,2/18/25 11:36,,,2/18/25 12:52,,Goodyear,AZ,85338,US
,6048,,,Harrison,,,84.0,Bank 5,USPS,92001903478422300137530724_,Delivered,,,2/18/25 9:44,,,2/18/25 12:52,,,,,US
,4771,,,,,,1.0,Bank 7,Amazon,TBA319466630544_,Delivered,,,2/18/25 12:09,,,2/18/25 12:52,,,,,
,1620,,,,,,25.0,Bank 4,UPS,1Z443766YW67289280_,Delivered,,,2/18/25 11:39,,,2/18/25 12:51,,Springfield Gardens,NY,11413,US
,2603,,,DCL,,,11.0,Bank 8,USPS,9261290277941824160853_,Delivered,,,2/18/25 9:11,,,2/18/25 12:45,,Shrewsbury,MA,01546,US
,6286,,,Secondsale,,,51.0,Bank 3,USPS,9241990217524436679109_,Delivered,,,2/18/25 9:51,,,2/18/25 12:44,,Shrewsbury,MA,01546,US
,6286,,,USPS,,,9.0,Bank 2,USPS,9434611206211702417300_,Delivered,,,2/18/25 10:19,,,2/18/25 12:44,,Kent,WA,98032,US
,3068,,,,,,90.0,Bank 8,Amazon,TBA319385859574_,Delivered,,,2/14/25 12:21,,,2/18/25 12:44,,,,,
,3068,,, Amazon,,,87.0,Bank 6,Amazon,TBA319377504113_,Delivered,,,2/14/25 12:30,,,2/18/25 12:44,,,,,
,3068,,, Amazon,,,39.0,Bank 5,USPS,9361289725244342660634_,Delivered,,,2/18/25 9:39,,,2/18/25 12:44,,Worcester,MA,01613,US
,6869,,,Ups,,,60.0,Bank 7,UPS,1ZJ715H20294705320_,Delivered,,,2/18/25 11:42,,,2/18/25 12:33,,Bellevue,WA,98004,US
,1424,,,,,,48.0,Bank 6,Amazon,TBA319471174513_,Delivered,,,2/18/25 12:19,,,2/18/25 12:33,,,,,
,4444,,,,,,13.0,Bank 6,USPS,92612999967577581107555081_,Delivered,,,2/18/25 11:10,,,2/18/25 12:32,,,,,US
,5790,,,USPS,,,58.0,Bank 8,USPS,9434611899560997224303_,Delivered,,,2/18/25 9:24,,,2/18/25 12:28,,Nashua,NH,03063,US
,3376,,,,Rack 2,,,,FedEx,285401267740_,Routed,,2/18/25 12:27,,,,,,Irving,TX,,US
,6191,,,Ups,,,9.0,Bank 5,UPS,1ZC6J5620336805241_,Delivered,,,2/18/25 11:07,,,2/18/25 12:24,,Commerce,CA,90022,US
,6289,,,Meds,Fridge,,,,FedEx,424614637987_,Routed,,2/18/25 12:24,,,,,,New Castle,DE,,US
,1977,,,,,,35.0,Bank 7,FedEx,423844016653_,Delivered,,,2/18/25 12:08,,,2/18/25 12:23,,Menomonee Falls,WI,,US
,6541,,,Amazon ,Rack 2,,,,Amazon,TBA319414649859_,Delivered,,2/18/25 12:11,,,,2/18/25 12:22,,,,,
,2993,,,Slawzy’s,,,48.0,Bank 2,USPS,9488809000276106857633_,Delivered,,,2/18/25 10:04,,,2/18/25 12:19,,,,,US
,2993,,,USPS,,,48.0,Bank 2,USPS,92001903478427300094943990_,Delivered,,,2/18/25 10:22,,,2/18/25 12:19,,Santa Rosa,CA,95401,US
,2460,,,Epoch Batteries,,,85.0,Bank 8,USPS,9400111105503471325468_,Delivered,,,2/18/25 9:28,,,2/18/25 12:18,,Stockbridge,GA,30281,US
,4806,,,LaserShip ,,,31.0,Bank 8,LaserShip,1LSCXON004JHHLG1CXONADIDHAPARD18706TAUNTAUNB12-054_,Delivered,,,1/21/25 15:33,,,2/18/25 12:18,,,,,
,1110,,,Ups,,,46.0,Bank 7,UPS,1ZA576230313119711_,Delivered,,,2/18/25 11:40,,,2/18/25 12:18,,Amsterdam,NY,12010,US
,6416,,,LaserShip ,,,5.0,Bank 8,LaserShip,1LSCXM1400238841CXM1WAPASLNYRD10974TAUNTAUNB7-M160_,Delivered,,,1/21/25 15:26,,,2/18/25 12:18,,,,,
,1217,,,LS,,,52.0,Bank 8,Lasership,1LS722779135596|1|M7227|GAPOH|RD|08810|TAUN|TAUN|B_,Delivered,,,1/16/25 14:29,,,2/18/25 12:17,,,,,
,1475,,,USPS,,,67.0,Bank 1,USPS,22479200190373922289320087_,Delivered,,,2/18/25 10:26,,,2/18/25 12:15,,,,,US
,6618,,,USPS ,,,53.0,Bank 7,USPS,9400109206094681242096_,Delivered,,,2/18/25 9:39,,,2/18/25 12:15,,Marshalls Creek,PA,18335,US
,6618,,,,,,55.0,Bank 8,FedEx,285361090827_,Delivered,,,2/18/25 11:56,,,2/18/25 12:14,,,,,
,4012,,,USPS,,,33.0,Bank 2,USPS,9400109206094104078783_,Delivered,,,2/18/25 10:29,,,2/18/25 12:12,,Bairdford,PA,15006,US
,5655,,,Goldstein,,,14.0,Bank 5,USPS,9534615211815043346078_,Delivered,,,2/18/25 9:24,,,2/18/25 12:12,,Chesapeake,VA,23322,US
,6754,,,Ups,,,44.0,Bank 6,UPS,1ZG1937A1204353845_,Delivered,,,2/18/25 11:20,,,2/18/25 12:12,,Charlton,MA,01507,US
,1159,,,,,,13.0,Bank 4,USPS,92395924911591571384436129_,Delivered,,,2/18/25 11:36,,,2/18/25 12:11,,,,,US
,5253,,,,,,23.0,Bank 7,Amazon,TBA319442354817_,Delivered,,,2/18/25 12:07,,,2/18/25 12:11,,,,,
,5253,,,,,,23.0,Bank 7,Amazon,TBA319411172761_,Delivered,,,2/18/25 12:04,,,2/18/25 12:11,,,,,
,5253,,,,,,23.0,Bank 7,Amazon,TBA319470201268_,Delivered,,,2/18/25 12:04,,,2/18/25 12:11,,,,,
,6478,,,Costco,Rack 1,,,,FedEx,444428693100_,Routed,,2/18/25 12:10,,,,,,South Hackensack,NJ,,US
,1652,,,Hoosier Tire,Rack 1,,,,FedEx,408907677042_,Routed,,2/18/25 12:09,,,,,,South Bend,IN,,US
,2306,,,Twist,,,17.0,Bank 7,USPS,92612903033185543480370505_,Delivered,,,2/18/25 9:44,,,2/18/25 12:09,,Allen Park,MI,48101,US
,2620,,,,,,34.0,Bank 6,UPS,1ZV9320VYW45824806_,Delivered,,,2/18/25 11:15,,,2/18/25 12:08,,La Vergne,TN,37086,US
,4530,,,,,,78.0,Bank 7,Amazon,TBA319460427151_,Delivered,,,2/18/25 12:05,,,2/18/25 12:07,,,,,
,1413,,,Vantine,"Giant picture frame,Rear floor",,,,FedEx,418147751449_,Routed,,2/18/25 12:05,,,,,,Oriskany,NY,,US
,1831,,,TCGplayer,,,63.0,Bank 7,USPS,9400111109242801291160_,Delivered,,,2/18/25 9:44,,,2/18/25 12:03,,Syracuse,NY,13220,US
,1623,,, Amazon,Rack 1,Rack 1,,,USPS,9361289725244387603931_,Delivered,,2/18/25 9:20,,,,2/18/25 12:01,,Worcester,MA,01613,US
,5865,,,USPS,,,45.0,Bank 8,USPS,9505511520795043435140_,Delivered,,,2/18/25 9:22,,,2/18/25 12:00,,Great Falls,MT,59401,US
,AK RBE Lab Manager,,, Amazon,,,,,UPS,1Z806YW20363710367_,Delivered,,2/18/25 10:43,,,,2/18/25 12:00,,Romulus,MI,48174,US
,3196,,,USPS,,,61.0,Bank 2,USPS,9405540202022000083037_,Delivered,,,2/18/25 10:13,,,2/18/25 11:59,,West Chester,OH,45069,US
,3790,,,,,,71.0,Bank 8,FedEx,442079891648_,Delivered,,,2/18/25 11:59,,,2/18/25 11:59,,Trenton,NJ,,US
,ELECTRICAL & COMPUTER ENGINEERING,,,Rsr Elec,,,,,USPS,9400111206211701584889_,Delivered,,2/18/25 9:22,,,,2/18/25 11:59,,Rahway,NJ,07065,US
,4802,,,Jewels,,,52.0,Bank 2,USPS,9261290318421507977245_,Delivered,,2/18/25 10:05,2/18/25 10:06,,,2/18/25 11:59,,Shrewsbury,MA,01546,US
,ECE,,,Blazing Trade,,,,,USPS,9300120111412361955224_,Delivered,,2/18/25 10:45,,,,2/18/25 11:59,,Simi Valley,CA,93065,US
,5610,,,Nj,,,53.0,Bank 5,USPS,92144903627188220007979741_,Delivered,,,2/18/25 9:43,,,2/18/25 11:59,,Flushing,NY,11351,US
,5552,,,PND,,,55.0,Bank 7,USPS,9205590286169500335729_,Delivered,,,2/18/25 9:41,,,2/18/25 11:58,,Irving,TX,75063,US
,4253,,,Home,,,82.0,Bank 1,USPS,9505514177535043365039_,Delivered,,,2/14/25 9:20,,,2/18/25 11:58,,San Diego,CA,92130,US
,4269,,,USPS,,,65.0,Bank 2,USPS,9300120111412361800692_,Delivered,,,2/18/25 10:16,,,2/18/25 11:58,,Chino,CA,91710,US
,3634,,,Amazon ,,,41.0,Bank 8,USPS,9361289725244487384006_,Delivered,,,2/18/25 9:14,,,2/18/25 11:57,,Worcester,MA,01613,US
,5207,,, Amazon,,,84.0,Bank 6,USPS,9361289725244291600187_,Delivered,,,2/14/25 9:25,,,2/18/25 11:57,,Worcester,MA,01613,US
,3634,,, Amazon,,,3.0,Bank 5,USPS,9361289725244486585350_,Delivered,,,2/18/25 9:16,,,2/18/25 11:57,,Worcester,MA,01613,US
,2710,,,RZN,,,3.0,Bank 7,USPS,9400111899560512041093_,Delivered,,,2/18/25 9:34,,,2/18/25 11:57,,Flushing,NY,11351,US
,2036,,,Contacts,,,75.0,Bank 1,USPS,9200190230197681221553_,Delivered,,,2/14/25 9:23,,,2/18/25 11:57,,Charlotte,NC,28269,US
,2710,,,,,,35.0,Bank 6,UPS,1Z181VE0YW60042975_,Delivered,,,2/18/25 11:17,,,2/18/25 11:56,,Northborough,MA,01532,US
,6610,,,USPS,,,72.0,Bank 8,USPS,9534612703735045602369_,Delivered,,,2/18/25 9:27,,,2/18/25 11:56,,Medfield,MA,02052,US
,3811,,,,,,5.0,Bank 4,UPS,1Z5462V20308146147_,Delivered,,,2/18/25 11:32,,,2/18/25 11:56,,Austin,TX,78744,US
,7002,,,,,,60.0,Bank 5,Amazon,TBA319337550672_,Delivered,,,2/12/25 11:37,,,2/18/25 11:56,,,,,
,2710,,,,,,57.0,Bank 6,UPS,1Z0V069A0320204667_,Delivered,,,2/18/25 11:21,,,2/18/25 11:56,,Romeoville,IL,60446,US
,4790,,,Vangaurd,,,49.0,Bank 5,USPS,9405511206206451033995_,Delivered,,,2/18/25 9:40,,,2/18/25 11:56,,Norfolk,VA,23502,US
,2877,,,SAIE,,,12.0,Bank 7,USPS,92612926998343553237867191_,Delivered,,,2/18/25 9:43,,,2/18/25 11:56,,Shrewsbury,MA,01546,US
,4470,,,Teague,,,34.0,Bank 5,USPS,22479405530109355101769520_,Delivered,,,2/18/25 9:28,,,2/18/25 11:55,,,,,US
,4470,,,Donna,,,4.0,Bank 5,USPS,9505510329015044719466_,Delivered,,,2/18/25 9:25,,,2/18/25 11:55,,Macungie,PA,18062,US
,2789,,,USPS,,,3.0,Bank 3,USPS,92346903470167300080599566_,Delivered,,,2/18/25 9:49,,,2/18/25 11:54,,,,,US
,4581,,,UPS,,,1.0,Bank 4,UPS,1Z7V53F50393790370_,Delivered,,,2/12/25 10:26,,,2/18/25 11:53,,Norfolk,VA,23513,US
,1992,,,USPS,,,55.0,Bank 1,USPS,92001903478422300136495420_,Delivered,,,2/18/25 10:12,,,2/18/25 11:53,,,,,US
,6015,,,,,,32.0,Bank 7,USPS,9200190161985780948560_,Delivered,,,2/18/25 10:23,,,2/18/25 11:53,,Dallas,TX,75225,US
,4581,,,Amazon,,,54.0,Bank 2,USPS,9361289725244460151069_,Delivered,,,2/18/25 10:20,,,2/18/25 11:53,,Worcester,MA,01613,US
,6015,,,USPS,,,19.0,Bank 2,USPS,9234690161987080975217_,Delivered,,,2/18/25 10:24,,,2/18/25 11:53,,Tampa,FL,33607,US
,6483,,,USPS,,,51.0,Bank 7,USPS,9500110727575041864705_,Delivered,,,2/18/25 9:38,,,2/18/25 11:52,,Sedona,AZ,86336,US
,6015,,,Nordstrom,,,70.0,Bank 5,USPS,9234690293077222114302_,Delivered,,,2/18/25 9:49,,,2/18/25 11:52,,Cedar Rapids,IA,52404,US
,6483,,,USPS,,,75.0,Bank 8,USPS,9534612017015042842181_,Delivered,,,2/18/25 9:20,,,2/18/25 11:52,,Dundee,IL,60118,US
,5066,,,Amazon,,,50.0,Bank 7,Amazon,TBA319385393965_,Delivered,,,2/14/25 12:31,,,2/18/25 11:52,,,,,
,4082,,,USPS,,,52.0,Bank 7,USPS,9500110337445045997444_,Delivered,,,2/18/25 9:39,,,2/18/25 11:51,,Andover,MA,01810,US
,4581,,,Lifted,,,10.0,Bank 5,USPS,9400111105503412198823_,Delivered,,,2/18/25 9:27,,,2/18/25 11:51,,Kenosha,WI,53144,US
,,,,,,,,,FedEx,723638828472_,Delivered,,,,,,2/18/25 11:50,,Boylston,MA,,US
,6658,,,,,,18.0,Bank 6,UPS,1Z6F97Y10344321674_,Delivered,,,2/18/25 11:15,,,2/18/25 11:49,,Ellsworth,ME,04605,US
,6621,,,,,,24.0,Bank 6,UPS,1Z8738R70333562771_,Delivered,,,2/18/25 11:14,,,2/18/25 11:48,,Brooklyn,NY,11210,US
,,,,,,,,,FedEx,440841800487_,Delivered,,,,,,2/18/25 11:48,,Upper Marlboro,MD,,US
,5940,,,Urban,,,41.0,Bank 5,USPS,9234690229417320150713_,Delivered,,,2/18/25 9:40,,,2/18/25 11:48,,Portland,ME,04101,US
,6494,,,Gamersupp,,,21.0,Bank 5,USPS,9261290210347312299558_,Delivered,,,2/18/25 9:15,,,2/18/25 11:46,,Shrewsbury,MA,01546,US
,4342,,,Alteu,,,2.0,Bank 3,USPS,9300110597204031192605_,Delivered,,,2/18/25 9:49,,,2/18/25 11:45,,Los Angeles,CA,90021,US
,4342,,,Alteu,,,2.0,Bank 3,USPS,9300110597204031034105_,Delivered,,,2/18/25 9:49,,,2/18/25 11:45,,,,,US
,3460,,, Amazon,,,17.0,Bank 5,USPS,9361289725244271495277_,Delivered,,,2/18/25 9:30,,,2/18/25 11:43,,Worcester,MA,01613,US
,CIVIL & ENVIRONMENTAL ENGINEERING,,, Amazon,,,,,Amazon,TBA319437707520_,Routed,,2/18/25 11:43,,,,,,,,,
,6748,,,USPS,,,33.0,Bank 1,USPS,9400109206094680107853_,Delivered,,,2/18/25 10:25,,,2/18/25 11:42,,Beaverton,OR,97006,US
,4288,,,Ups,,,14.0,Bank 8,UPS,1Z04E04A0388137451_,Delivered,,,2/18/25 11:25,,,2/18/25 11:42,,Rialto,CA,92376,US
,5849,,,,,,11.0,Bank 4,UPS,1Z965EW40210836452_,Delivered,,,2/18/25 11:34,,,2/18/25 11:42,,Tolleson,AZ,85353,US
,RESIDENTIAL SERVICES,,,,,,,,USPS,9261290367755502184343_,Delivered,,2/18/25 10:45,,,,2/18/25 11:41,,Shrewsbury,MA,01546,US
,RESIDENTIAL SERVICES,,,,,,,,USPS,9261290304446229314045_,Delivered,,2/18/25 10:45,,,,2/18/25 11:41,,Shrewsbury,MA,01546,US
,2529,,,USPS,,,6.0,Bank 2,USPS,9400109206094101736891_,Delivered,,,2/18/25 10:09,,,2/18/25 11:37,,Fresno,CA,93704,US
,6893,,,,,,11.0,Bank 6,UPS,1ZB36G500369868373_,Delivered,,,2/18/25 11:12,,,2/18/25 11:37,,Bethlehem,PA,18015,US
,3880,,,,,,32.0,Bank 8,FedEx,772083852405_,Delivered,,,2/17/25 12:48,,,2/18/25 11:37,,Jeffersonville,IN,,US
,2134,,,Ups,,,15.0,Bank 8,UPS,1Z76940AYW10156973_,Delivered,,,2/18/25 11:14,,,2/18/25 11:34,,Sturbridge,MA,01566,US
,2803,,,Ups,,,49.0,Bank 8,USPS,9400111206211797155093_,Delivered,,,2/18/25 11:31,,,2/18/25 11:32,,Los Angeles,CA,90011,US
,6537,,,USPS,,,67.0,Bank 2,USPS,9400109206094104329656_,Delivered,,,2/18/25 10:20,,,2/18/25 11:31,,Blue Bell,PA,19422,US
,6155,,,GAP,,,36.0,Bank 8,USPS,92612999916505583250063766_,Delivered,,,2/18/25 9:15,,,2/18/25 11:29,,Shrewsbury,MA,01546,US
,7008,,,Home,,,71.0,Bank 8,USPS,9505512105365044870077_,Delivered,,,2/18/25 9:25,,,2/18/25 11:29,,Rockland,MA,02370,US
,1408,,,Ups,,,80.0,Bank 8,UPS,1Z1826920325257518_,Delivered,,,2/18/25 11:15,,,2/18/25 11:27,,Middletown,PA,17057,US
,4985,,,amazon,,,43.0,Bank 4,Amazon,TBA319350261756_,Delivered,,,2/12/25 12:58,,,2/18/25 11:27,,,,,
,1408,,,Ups,,,58.0,Bank 6,UPS,1Z4X67420374359783_,Delivered,,,2/18/25 11:22,,,2/18/25 11:27,,Hazle Township,PA,18202,US
,4985,,,Lastmile,,,17.0,Bank 8,Custom Item,ACI0160904102100000021100004254504_,Delivered,,,2/17/25 9:01,,,2/18/25 11:26,,,,,
,6238,,,Ups,,,20.0,Bank 6,UPS,1ZA8G6380321319045_,Delivered,,,2/18/25 11:19,,,2/18/25 11:26,,Union,OH,45377,US
,4985,,,Lastmile,,,9.0,Bank 6,Purolator,021000000211_,Delivered,,,2/17/25 9:02,,,2/18/25 11:26,,,,,
,3979,,,Home,,,11.0,Bank 7,USPS,9205590220086373251038_,Delivered,,,2/18/25 9:40,,,2/18/25 11:18,,Stuart,FL,34996,US
,3376,,,Mcmaster Carr,Rear floor,,,,UPS,1Z0100830327925497_,Routed,,2/18/25 11:18,,,,,,Robbinsville,NJ,08691,US
,3376,,,Mcmaster Carr,Rear floor,,,,UPS,1Z0100830327925504_,Routed,,2/18/25 11:18,,,,,,Robbinsville,NJ,08691,US
,3979,,,USPS,,,40.0,Bank 1,USPS,9488809000276106857626_,Delivered,,,2/18/25 10:28,,,2/18/25 11:18,,,,,US
,5400,,,Mcmaster,Rear floor,,,,UPS,1Z0100830327926094_,Routed,,2/18/25 11:16,,,,,,Robbinsville,NJ,08691,US
,5400,,,Mcmaster,Rack 1,,,,UPS,1Z0100830327926101_,Routed,,2/18/25 11:13,,,,,,Robbinsville,NJ,08691,US
,5846,,, Amazon,Rack 1,,,,UPS,1ZG193780323412331_,Routed,,2/18/25 11:10,,,,,,Rossford,OH,43460,US
,G248,,,Elecscooter,Rear Floor,,,,UPS,1ZE427800396695766_,Routed,,2/18/25 11:09,,,,,,Chino,CA,91708,US
,INFORMATION TECHNOLOGY,,,W B,4 cases paper,,,,Custom Item,136002430DEL_,Routed,,2/18/25 11:08,,,,,,,,,
,6075,,,,,,15.0,Bank 8,DHL,1952976281_,Delivered,,,2/17/25 11:59,,,2/18/25 11:07,,,,,
,4537,,,Book,,,65.0,Bank 5,USPS,9241990288795703106415_,Delivered,,,2/18/25 9:47,,,2/18/25 11:03,,Shrewsbury,MA,01546,US
,4537,,,USP,,,52.0,Bank 3,USPS,9449011206211790375261_,Delivered,,,2/18/25 9:54,,,2/18/25 11:02,,Salt Lake City,UT,84108,US
,4018,,,USPS,,,69.0,Bank 7,USPS,9200190256037500834312_,Delivered,,,2/18/25 10:08,,,2/18/25 11:00,,Coppell,TX,75019,US
,6961,,,Untold,,,77.0,Bank 5,USPS,92001903478422300134880938_,Delivered,,,2/18/25 9:44,,,2/18/25 10:59,,,,,US
,6543,,,Omo,,,11.0,Bank 6,USPS,9234690347369100131809_,Delivered,,,2/18/25 9:50,,,2/18/25 10:58,,Orlando,FL,32806,US
,,,,,,,,,UPS,1Z00283A0326537025_,Delivered,,,,,,2/18/25 10:57,,Macungie,PA,18062,US
,,,,,,,,,UPS,1Z00283A0326537007_,Delivered,,,,,,2/18/25 10:57,,Macungie,PA,18062,US
,,,,,,,,,UPS,1Z00283A0326537034_,Delivered,,,,,,2/18/25 10:57,,Macungie,PA,18062,US
,6527,,,USPS,,,68.0,Bank 7,USPS,9200190327908700369065_,Delivered,,,2/18/25 9:47,,,2/18/25 10:57,,Redondo Beach,CA,90277,US
,2852,,,USPS,,,20.0,Bank 2,USPS,9449011206219544859371_,Delivered,,,2/18/25 10:24,,,2/18/25 10:56,,Chicago,IL,60616,US
,2431,,,Human,,,9.0,Bank 5,USPS,9434636208235286824737_,Delivered,,,2/18/25 9:27,,,2/18/25 10:55,,Bell Gardens,CA,90201,US
,5112,,,USPS,,,1.0,Bank 8,USPS,92612999937500543489662796_,Delivered,,,2/18/25 9:18,,,2/18/25 10:55,,Shrewsbury,MA,01546,US
,5886,,,,,,46.0,Bank 7,USPS,9434603699300012639906_,Delivered,,,2/18/25 10:31,,,2/18/25 10:55,,Falls Church,VA,22042,US
,5873,,,USPS,,,19.0,Bank 1,USPS,9434611899560926015033_,Delivered,,,2/18/25 10:23,,,2/18/25 10:54,,Appleton,WI,54914,US
,1403,,,Baumgartner,,,72.0,Bank 5,USPS,9510815623835044264497_,Delivered,,,2/18/25 9:35,,,2/18/25 10:53,,Seattle,WA,98125,US
,1230,,,Pk,,,68.0,Bank 6,USPS,9300110597204037237935_,Delivered,,,2/14/25 9:27,,,2/18/25 10:53,,Manchester,NH,03103,US
,6311,,,USPS,,,80.0,Bank 8,USPS,92346903478422300038092019_,Delivered,,,2/18/25 9:30,,,2/18/25 10:53,,,,,US
,1230,,,Peter,,,66.0,Bank 5,USPS,9400136106025276181510_,Delivered,,,2/18/25 9:47,,,2/18/25 10:53,,Greenville,TX,75402,US
,1230,,,USPS,,,3.0,Bank 1,USPS,9400111105503443058240_,Delivered,,,2/18/25 10:11,,,2/18/25 10:52,,Sarasota,FL,34236,US
,5533,,,USPS,,,39.0,Bank 1,USPS,9400111105503410664030_,Delivered,,,2/18/25 10:27,,,2/18/25 10:50,,Willow Grove,PA,19090,US
,1366,,,Lizzie,,,69.0,Bank 5,USPS,9500113356915046553827_,Delivered,,,2/18/25 9:49,,,2/18/25 10:49,,Gardner,MA,01440,US
,3764,,,USPS,,,66.0,Bank 1,USPS,9505506590615046729563_,Delivered,,,2/18/25 10:26,,,2/18/25 10:48,,Littleton,CO,80130,US
,5944,,,USPS,,,10.0,Bank 2,USPS,9434611202382858289036_,Delivered,,,2/18/25 10:19,,,2/18/25 10:45,,La Palma,CA,90623,US
,3285,,,Venba,,,11.0,Bank 5,USPS,92346903470167300081364460_,Delivered,,,2/18/25 9:28,,,2/18/25 10:45,,Southington,CT,06489,US
,Foisie Makerspace,,,Dmzm,,,,,USPS,9205576527867511109459_,Routed,,2/18/25 10:44,,,,,,Opa Locka,FL,33054,US
,5938,,,USPS,,,38.0,Bank 1,USPS,9300120111412356965580_,Delivered,,,2/18/25 10:26,,,2/18/25 10:44,,Redmond,OR,97756,US
,7023,,,USPS,,,9.0,Bank 3,USPS,22479200190373170009656804_,Delivered,,,2/18/25 9:53,,,2/18/25 10:42,,,,,US
,5877,,,Wolfram,,,61.0,Bank 5,RoyalMail,UB820480387GB_,Delivered,,,2/18/25 9:45,,,2/18/25 10:38,,,,,
,5837,,,USPS,,,63.0,Bank 1,USPS,9400111206206447225813_,Delivered,,,2/18/25 10:18,,,2/18/25 10:36,,Roanoke,VA,24012,US
,5837,,,USPS,,,64.0,Bank 2,USPS,9400111206224420483746_,Delivered,,,2/18/25 10:16,,,2/18/25 10:36,,Monroe,WA,98272,US
,5844,,,Merchant Mate,,,48.0,Bank 8,USPS,9349320111411057980215_,Delivered,,,2/18/25 9:22,,,2/18/25 10:30,,Valrico,FL,33594,US
,Chartwells / Front Office,,,Sticker,,,,,UPS,1ZA576230302958415_,Routed,,2/18/25 10:29,,,,,,Amsterdam,NY,12010,US
,MATHEMATICAL SCIENCES,,, Amazon,,,,,UPS,1Z82F52Y0383651948_,Routed,,2/18/25 10:26,,,,,,Troutdale,OR,97060,US
,4012,,,USPS,,,64.0,Bank 1,USPS,9400109206094103440673_,Delivered,,,2/18/25 10:21,,,2/18/25 10:24,,Virginia Beach,VA,23454,US
,6960,,,USPS,,,54.0,Bank 2,USPS,9400111206239209082683_,Delivered,,,2/18/25 10:07,,,2/18/25 10:19,,Gardena,CA,90248,US
,2090,,,Bilal,,,80.0,Bank 1,USPS,9505513241365043845777_,Delivered,,,2/14/25 9:20,,,2/18/25 10:09,,Philadelphia,PA,19110,US
,2090,,,,,,39.0,Bank 6,Amazon,TBA319339354473_,Delivered,,,2/13/25 12:13,,,2/18/25 10:08,,,,,
,2812,,,,,,5.0,Bank 8,Amazon,TBA319358502196_,Delivered,,,2/13/25 14:41,,,2/18/25 10:02,,,,,
,2812,,, Amazon,,,21.0,Bank 3,Amazon,TBA319385746189_,Delivered,,,2/14/25 12:45,,,2/18/25 10:01,,,,,
,1391,,,Lane,,,71.0,Bank 5,USPS,9505514498775038553328_,Delivered,,,2/18/25 9:34,,,2/18/25 9:59,,Kilmarnock,VA,22482,US
,1391,,,Headley Ln,,,44.0,Bank 5,USPS,9505514498775038553342_,Delivered,,,2/18/25 9:29,,,2/18/25 9:59,,Kilmarnock,VA,22482,US
,5623,,,Home,,,2.0,Bank 7,USPS,9534610689945044649655_,Delivered,,,2/18/25 9:34,,,2/18/25 9:57,,Glastonbury,CT,06033,US
,Chartwells,,,Bonita,,,,,USPS,9400136208070415810940_,Routed,,2/18/25 9:56,,,,,,Salisbury Mills,NY,12577,US
,1189,,,Bn,,,76.0,Bank 5,USPS,92419901047916583251610474_,Delivered,,,2/18/25 9:43,,,2/18/25 9:55,,Springfield,MA,01152,US
,5894,,,Van Stone,Rack 1,,,,USPS,9505513163575044502347_,Delivered,,2/18/25 9:13,,,,2/18/25 9:50,,Branchville,NJ,07826,US
,3506,,,Speedy Pros,,,81.0,Bank 8,USPS,9400111105503476517776_,Delivered,,,2/18/25 9:31,,,2/18/25 9:50,,Brandon,FL,33511,US
,4627,,,Universal Yums,,,79.0,Bank 8,USPS,22809234690374346601887576_,Delivered,,,2/18/25 9:25,,,2/18/25 9:46,,,,,US
,4627,,,Game Elementz,,,49.0,Bank 7,USPS,9400111105503457613305_,Delivered,,,2/18/25 9:38,,,2/18/25 9:46,,Bohemia,NY,11716,US
,6912,,, Amazon,Rack 1,,,,USPS,9361289725244351859944_,Routed,,2/18/25 9:23,,,,,,Worcester,MA,01613,US
,6344,,,Clelland,,,13.0,Bank 5,USPS,9534616903665038214711_,Delivered,,,2/18/25 9:09,,,2/18/25 9:20,,Elk,WA,99009,US
,2598,,,Monitor,Rack 1,Rack 1,,,Amazon,TBA319375880603_,Delivered,,2/14/25 12:14,,,,2/18/25 9:07,,,,,
